{"type": "FeatureCollection", "features": [{"type": "Feature", "properties": {"iso_a2": "CY", "iso_a3": "CYP", "continent": "Asia", "region_un": "Asia", "subregion": "Western Asia", "region_wb": "Europe & Central Asia", "name_en": "Cyprus", "name_fr": "Chypre", "Location ID": "55", "Sub Region M49 ID": "145", "Region M49 ID": "142", "Location Type": "country", "Gac Code": null, "Region Brian": "1", "Sub Region Brian": "999", "Region Name": "Asia", "Sub Region Name": "Western Asia", "Region Name Brian": "Other", "Sub Region Name Brian": "Other"}, "geometry": {"type": "Polygon", "coordinates": [[[32.71269531250002, 35.171044921874994], [32.72021484375, 35.145361328125], [32.78408203125002, 35.115771484374996], [32.86943359375002, 35.089404296874996], [32.91953125, 35.087841796875], [32.9859375, 35.11640625], [33.07753906250002, 35.14619140625], [33.191015625, 35.173144531249996], [33.24833984375002, 35.15693359375], [33.32558593750002, 35.153613281249996], [33.3837890625, 35.1626953125], [33.42421875000002, 35.140917968749996], [33.45595703125002, 35.101416015625], [33.4638671875, 35.004931640624996], [33.47578125000001, 35.000341796875], [33.52568359375002, 35.038671875], [33.61445312500001, 35.022753906249996], [33.675390625, 35.017871093749996], [33.72578125000001, 35.0373046875], [33.756933593750006, 35.03974609375], [33.79228515625002, 35.048193359375], [33.83203125, 35.0671875], [33.86640625000001, 35.093603515625], [33.9033203125, 35.08544921875], [33.96572265625002, 35.056787109374994], [34.004492187500006, 35.065234375], [34.02363281250001, 35.045556640624994], [34.05019531250002, 34.98837890625], [33.9365234375, 34.971484375], [33.82246093750001, 34.96591796875], [33.75898437500001, 34.9732421875], [33.69941406250001, 34.969873046874994], [33.51445312500002, 34.806445312499996], [33.41494140625002, 34.750878906249994], [33.29658203125001, 34.717724609375], [33.17607421875002, 34.698046875], [33.11552734375002, 34.695556640625], [33.06230468750002, 34.6748046875], [33.02490234375, 34.6369140625], [33.02392578125, 34.6], [33.007910156250006, 34.569580078125], [32.94179687500002, 34.57587890625], [32.91425781250001, 34.635498046875], [32.8671875, 34.6611328125], [32.750097656250006, 34.647802734375], [32.69296875, 34.649365234375], [32.50556640625001, 34.70625], [32.44902343750002, 34.729443359375], [32.41376953125001, 34.77802734375], [32.31718750000002, 34.9533203125], [32.30097656250001, 35.082958984375], [32.39091796875002, 35.0498046875], [32.475, 35.089990234374994], [32.55595703125002, 35.15576171875], [32.65234375, 35.182666015624996], [32.71269531250002, 35.171044921874994]]]}}, {"type": "Feature", "properties": {"iso_a2": "IL", "iso_a3": "ISR", "continent": "Asia", "region_un": "Asia", "subregion": "Western Asia", "region_wb": "Middle East & North Africa", "name_en": "Israel", "name_fr": "Isra\u00ebl", "Location ID": "103", "Sub Region M49 ID": "145", "Region M49 ID": "142", "Location Type": "country", "Gac Code": null, "Region Brian": "1", "Sub Region Brian": "999", "Region Name": "Asia", "Sub Region Name": "Western Asia", "Region Name Brian": "Other", "Sub Region Name Brian": "Other"}, "geometry": {"type": "Polygon", "coordinates": [[[35.84072265625002, 33.415673828124994], [35.81612458460434, 33.36187853338469], [35.7925310942343, 33.33410710518994], [35.785024074571105, 33.29108871216229], [35.80003811389749, 33.256120642614626], [35.80861756494114, 33.20857749231844], [35.8268488984089, 33.19511719176682], [35.83328348669164, 33.16370177763126], [35.817197015984796, 33.133173164418636], [35.82470403564798, 33.10802397833988], [35.84508023187666, 33.08466471531837], [35.85902183982259, 32.98936659098219], [35.88797748709491, 32.94437888348711], [35.841862937735286, 32.87595371086475], [35.83328348669164, 32.8200940242287], [35.78730468750001, 32.734912109374996], [35.734472656250006, 32.72890625], [35.61123046875002, 32.682080078125], [35.59453125000002, 32.668017578124996], [35.572851562500006, 32.640869140625], [35.56904296875001, 32.619873046875], [35.55146484375001, 32.3955078125], [35.484375, 32.401660156249996], [35.40263671875002, 32.450634765625], [35.38671875, 32.493017578125], [35.36210937500002, 32.507470703124994], [35.303808593750006, 32.512939453125], [35.19326171875002, 32.534423828125], [35.065039062500006, 32.46044921875], [35.01054687500002, 32.338183593749996], [34.99951171875, 32.281054687499996], [34.95595703125002, 32.1609375], [34.97138671875001, 32.087109375], [34.97880859375002, 31.991601562499994], [34.98974609375, 31.91328125], [34.97832031250002, 31.86640625], [34.95380859375001, 31.841259765624997], [34.96113281250001, 31.82333984375], [34.983007812500006, 31.816796875], [35.05322265625, 31.837939453124996], [35.12714843750001, 31.816748046875], [35.19804687500002, 31.776318359374997], [35.203710937500006, 31.75], [35.153417968750006, 31.73447265625], [35.03466796875, 31.673242187499994], [34.95097656250002, 31.602294921875], [34.92919921875, 31.536572265624997], [34.87275390625001, 31.396875], [34.88046875, 31.3681640625], [34.9078125, 31.351318359375], [35.101171875, 31.3662109375], [35.27666015625002, 31.422802734374997], [35.40869140625, 31.48291015625], [35.45058593750002, 31.479296875], [35.4228515625, 31.325390625], [35.42353515625001, 31.324853515624994], [35.40068359375002, 31.230517578124996], [35.40966796875, 31.214453125], [35.43925781250002, 31.132421875], [35.38300781250001, 30.982275390625], [35.32011718750002, 30.860205078125], [35.2978515625, 30.80224609375], [35.23662109375002, 30.673486328124994], [35.17402343750001, 30.52392578125], [35.140625, 30.4208984375], [35.14814453125001, 30.384326171874996], [35.13261718750002, 30.1953125], [35.1416015625, 30.14169921875], [35.06816406250002, 29.977880859375], [35.05341796875001, 29.896923828124997], [35.02392578125, 29.787060546874997], [34.97343750000002, 29.555029296875], [34.904296875, 29.47734375], [34.86982421875001, 29.563916015624997], [34.791113281250006, 29.812109375], [34.73505859375001, 29.98203125], [34.65859375000002, 30.191455078124996], [34.52968750000002, 30.446044921875], [34.51777343750001, 30.507373046874996], [34.48994140625001, 30.5962890625], [34.400976562500006, 30.827832031249997], [34.32851562500002, 30.995019531249994], [34.24531250000001, 31.208300781249996], [34.34833984375001, 31.292919921874997], [34.350195312500006, 31.362744140624997], [34.52558593750001, 31.525634765625], [34.52412109375001, 31.541650390624994], [34.47734375000002, 31.584863281249994], [34.483984375, 31.59228515625], [34.67841796875001, 31.895703125], [34.803808593750006, 32.196337890624996], [34.921875, 32.6140625], [35.005859375, 32.826611328125], [35.07705078125002, 32.9671875], [35.10859375000001, 33.08369140625], [35.22333984375001, 33.0919921875], [35.30888671875002, 33.079541015625], [35.411230468750006, 33.07568359375], [35.4931640625, 33.119482421875], [35.53251953125002, 33.25048828125], [35.57929687500001, 33.271484375], [35.60292968750002, 33.240625], [35.62724609375002, 33.275048828124994], [35.734472656250006, 33.3326171875], [35.7875, 33.369775390624994], [35.84072265625002, 33.415673828124994]]]}}, {"type": "Feature", "properties": {"iso_a2": "PS", "iso_a3": "PSE", "continent": "Asia", "region_un": "Asia", "subregion": "Western Asia", "region_wb": "Middle East & North Africa", "name_en": "Palestine", "name_fr": "Palestine", "Location ID": "183", "Sub Region M49 ID": "145", "Region M49 ID": "142", "Location Type": "country", "Gac Code": null, "Region Brian": "991", "Sub Region Brian": "996", "Region Name": "Asia", "Sub Region Name": "Western Asia", "Region Name Brian": "Middle East", "Sub Region Name Brian": "Middle East"}, "geometry": {"type": "MultiPolygon", "coordinates": [[[[34.47734375000002, 31.584863281249994], [34.52412109375001, 31.541650390624994], [34.52558593750001, 31.525634765625], [34.350195312500006, 31.362744140624997], [34.34833984375001, 31.292919921874997], [34.24531250000001, 31.208300781249996], [34.2125, 31.292285156249996], [34.19814453125002, 31.322607421875], [34.387304687500006, 31.483789062499994], [34.47734375000002, 31.584863281249994]]], [[[35.55146484375001, 32.3955078125], [35.57207031250002, 32.237890625], [35.534765625, 32.10302734375], [35.53144531250001, 31.984912109374996], [35.55898437500002, 31.765527343749994], [35.49941406250002, 31.67236328125], [35.465429687500006, 31.562353515625], [35.45058593750002, 31.479296875], [35.40869140625, 31.48291015625], [35.27666015625002, 31.422802734374997], [35.101171875, 31.3662109375], [34.9078125, 31.351318359375], [34.88046875, 31.3681640625], [34.87275390625001, 31.396875], [34.92919921875, 31.536572265624997], [34.95097656250002, 31.602294921875], [35.03466796875, 31.673242187499994], [35.153417968750006, 31.73447265625], [35.203710937500006, 31.75], [35.19804687500002, 31.776318359374997], [35.12714843750001, 31.816748046875], [35.05322265625, 31.837939453124996], [34.983007812500006, 31.816796875], [34.96113281250001, 31.82333984375], [34.95380859375001, 31.841259765624997], [34.97832031250002, 31.86640625], [34.98974609375, 31.91328125], [34.97880859375002, 31.991601562499994], [34.97138671875001, 32.087109375], [34.95595703125002, 32.1609375], [34.99951171875, 32.281054687499996], [35.01054687500002, 32.338183593749996], [35.065039062500006, 32.46044921875], [35.19326171875002, 32.534423828125], [35.303808593750006, 32.512939453125], [35.36210937500002, 32.507470703124994], [35.38671875, 32.493017578125], [35.40263671875002, 32.450634765625], [35.484375, 32.401660156249996], [35.55146484375001, 32.3955078125]]]]}}, {"type": "Feature", "properties": {"iso_a2": "LB", "iso_a3": "LBN", "continent": "Asia", "region_un": "Asia", "subregion": "Western Asia", "region_wb": "Middle East & North Africa", "name_en": "Lebanon", "name_fr": "Liban", "Location ID": "127", "Sub Region M49 ID": "145", "Region M49 ID": "142", "Location Type": "country", "Gac Code": null, "Region Brian": "991", "Sub Region Brian": "996", "Region Name": "Asia", "Sub Region Name": "Western Asia", "Region Name Brian": "Middle East", "Sub Region Name Brian": "Middle East"}, "geometry": {"type": "Polygon", "coordinates": [[[35.97626953125001, 34.629199218749996], [36.15107421875001, 34.62861328125], [36.26357421875002, 34.632861328124996], [36.29628906250002, 34.6787109375], [36.383886718750006, 34.65791015625], [36.43300781250002, 34.6134765625], [36.388671875, 34.56689453125], [36.326269531250006, 34.513330078124994], [36.32988281250002, 34.499609375], [36.37646484375, 34.495166015624996], [36.45556640625, 34.466162109375], [36.50439453125, 34.432373046875], [36.5849609375, 34.221240234374996], [36.53515625, 34.134326171874996], [36.45751953125, 34.0568359375], [36.4228515625, 34.049853515624996], [36.35488281250002, 34.011328125], [36.2978515625, 33.958642578124994], [36.27783203125, 33.92529296875], [36.2822265625, 33.894189453124994], [36.36279296875, 33.855126953124994], [36.36503906250002, 33.83935546875], [36.34853515625002, 33.827050781249994], [36.28339843750001, 33.835595703124994], [36.19941406250001, 33.83955078125], [36.14980468750002, 33.839501953124994], [36.09218750000002, 33.831591796874996], [36.01884765625002, 33.783935546875], [35.98613281250002, 33.75263671875], [35.96845703125001, 33.732421875], [35.9423828125, 33.667578125], [35.9716796875, 33.623095703124996], [36.02666015625002, 33.597949218749996], [36.03447265625002, 33.58505859375], [36.02226562500002, 33.5625], [35.96757812500002, 33.534570312499994], [35.92656250000002, 33.500292968749996], [35.91474609375001, 33.465380859374996], [35.869140625, 33.43173828125], [35.84072265625002, 33.415673828124994], [35.7875, 33.369775390624994], [35.734472656250006, 33.3326171875], [35.62724609375002, 33.275048828124994], [35.60292968750002, 33.240625], [35.57929687500001, 33.271484375], [35.53251953125002, 33.25048828125], [35.4931640625, 33.119482421875], [35.411230468750006, 33.07568359375], [35.30888671875002, 33.079541015625], [35.22333984375001, 33.0919921875], [35.10859375000001, 33.08369140625], [35.15507812500002, 33.160009765625], [35.20351562500002, 33.258984375], [35.25136718750002, 33.392626953124996], [35.33574218750002, 33.503466796874996], [35.510839843750006, 33.879736328125], [35.61181640625, 34.032177734375], [35.64785156250002, 34.2482421875], [35.804296875, 34.437402343749994], [35.92138671875, 34.493310546874994], [35.97792968750002, 34.547412109374996], [35.97626953125001, 34.629199218749996]]]}}, {"type": "Feature", "properties": {"iso_a2": "SY", "iso_a3": "SYR", "continent": "Asia", "region_un": "Asia", "subregion": "Western Asia", "region_wb": "Middle East & North Africa", "name_en": "Syria", "name_fr": "Syrie", "Location ID": "212", "Sub Region M49 ID": "145", "Region M49 ID": "142", "Location Type": "country", "Gac Code": null, "Region Brian": "991", "Sub Region Brian": "996", "Region Name": "Asia", "Sub Region Name": "Western Asia", "Region Name Brian": "Middle East", "Sub Region Name Brian": "Middle East"}, "geometry": {"type": "Polygon", "coordinates": [[[35.892675781250006, 35.916552734374996], [35.96757812500002, 35.910058593749994], [36.12734375000002, 35.831445312499994], [36.15361328125002, 35.833886718749994], [36.20195312500002, 35.937548828124996], [36.24882812500002, 35.972705078124996], [36.34755859375002, 36.003515625], [36.37539062500002, 36.171240234375], [36.421484375, 36.203466796875], [36.47705078125, 36.220703125], [36.56240234375002, 36.223925781249996], [36.63671875, 36.233984375], [36.64140625000002, 36.263525390625], [36.5375, 36.457421875], [36.54667968750002, 36.50634765625], [36.596875, 36.7013671875], [36.62841796875, 36.777685546875], [36.65859375000002, 36.802539062499996], [36.77656250000001, 36.79267578125], [36.94179687500002, 36.7583984375], [36.9853515625, 36.702392578125], [37.06621093750002, 36.652636718749996], [37.18740234375002, 36.655908203124994], [37.32705078125002, 36.64658203125], [37.43632812500002, 36.643310546875], [37.523535156250006, 36.6783203125], [37.7203125, 36.743701171874996], [37.81796875, 36.765576171875], [37.90664062500002, 36.79462890625], [38.19169921875002, 36.9015625], [38.30585937500001, 36.893359375], [38.38398437500001, 36.879248046875], [38.44375, 36.862255859375], [38.57802734375002, 36.789111328124996], [38.68886718750002, 36.715087890625], [38.7666015625, 36.693115234375], [38.90644531250001, 36.694677734375], [39.1083984375, 36.680566406249994], [39.35664062500001, 36.681591796875], [39.50146484375, 36.70224609375], [39.6865234375, 36.738623046875], [40.01640625000002, 36.826074218749994], [40.45039062500001, 37.00888671875], [40.705664062500006, 37.097705078124996], [40.815625, 37.108154296875], [40.95888671875002, 37.109179687499996], [41.102148437500006, 37.085888671875], [41.2646484375, 37.0693359375], [41.33955078125001, 37.07080078125], [41.51552734375002, 37.089160156249996], [41.74355468750002, 37.126123046874994], [41.886816406250006, 37.156396484374994], [42.05986328125002, 37.2060546875], [42.16787109375002, 37.288623046874996], [42.202734375, 37.297265625], [42.24755859375, 37.2822265625], [42.2685546875, 37.2765625], [42.31289062500002, 37.22958984375], [42.358984375, 37.10859375], [42.35908203125001, 37.095019531249996], [42.35009765625, 37.060595703124996], [42.2373046875, 36.9611328125], [42.083984375, 36.826025390625], [41.97402343750002, 36.7408203125], [41.78857421875, 36.59716796875], [41.65019531250002, 36.56640625], [41.41679687500002, 36.5146484375], [41.35419921875001, 36.464404296874996], [41.295996093750006, 36.383349609374996], [41.261816406250006, 36.2724609375], [41.25175781250002, 36.203027343749994], [41.24560546875, 36.073388671874994], [41.30019531250002, 35.93896484375], [41.352636718750006, 35.809960937499994], [41.359375, 35.724609375], [41.354101562500006, 35.640429687499996], [41.303320312500006, 35.550634765625], [41.24833984375002, 35.427490234375], [41.21640625, 35.28818359375], [41.19960937500002, 35.027392578124996], [41.19921875, 34.805322265624994], [41.19472656250002, 34.768994140625], [41.09902343750002, 34.6123046875], [40.98701171875001, 34.429052734375], [40.93505859375, 34.386572265625], [40.689453125, 34.33203125], [40.421484375, 34.19775390625], [40.12197265625002, 34.04765625], [39.85, 33.911376953125], [39.564453125, 33.768359375], [39.26835937500002, 33.620019531249994], [39.056738281250006, 33.514013671875], [38.773535156250006, 33.372216796874994], [38.515625, 33.236621093749996], [38.25429687500002, 33.09921875], [38.055761718750006, 32.994873046875], [37.75410156250001, 32.829833984375], [37.57744140625002, 32.733056640624994], [37.31757812500001, 32.590771484375], [37.088964843750006, 32.46552734375], [36.818359375, 32.317285156249994], [36.47919921875001, 32.361328125], [36.3720703125, 32.3869140625], [36.284277343750006, 32.457470703125], [36.2197265625, 32.4951171875], [36.05947265625002, 32.5337890625], [35.95644531250002, 32.66669921875], [35.89472656250001, 32.713769531249994], [35.78730468750001, 32.734912109374996], [35.83328348669164, 32.8200940242287], [35.841862937735286, 32.87595371086475], [35.88797748709491, 32.94437888348711], [35.85902183982259, 32.98936659098219], [35.84508023187666, 33.08466471531837], [35.82470403564798, 33.10802397833988], [35.817197015984796, 33.133173164418636], [35.83328348669164, 33.16370177763126], [35.8268488984089, 33.19511719176682], [35.80861756494114, 33.20857749231844], [35.80003811389749, 33.256120642614626], [35.785024074571105, 33.29108871216229], [35.7925310942343, 33.33410710518994], [35.81612458460434, 33.36187853338469], [35.84073774592113, 33.41566091565706], [35.869140625, 33.43173828125], [35.91474609375001, 33.465380859374996], [35.92656250000002, 33.500292968749996], [35.96757812500002, 33.534570312499994], [36.02226562500002, 33.5625], [36.03447265625002, 33.58505859375], [36.02666015625002, 33.597949218749996], [35.9716796875, 33.623095703124996], [35.9423828125, 33.667578125], [35.96845703125001, 33.732421875], [35.98613281250002, 33.75263671875], [36.01884765625002, 33.783935546875], [36.09218750000002, 33.831591796874996], [36.14980468750002, 33.839501953124994], [36.19941406250001, 33.83955078125], [36.28339843750001, 33.835595703124994], [36.34853515625002, 33.827050781249994], [36.36503906250002, 33.83935546875], [36.36279296875, 33.855126953124994], [36.2822265625, 33.894189453124994], [36.27783203125, 33.92529296875], [36.2978515625, 33.958642578124994], [36.35488281250002, 34.011328125], [36.4228515625, 34.049853515624996], [36.45751953125, 34.0568359375], [36.53515625, 34.134326171874996], [36.5849609375, 34.221240234374996], [36.50439453125, 34.432373046875], [36.45556640625, 34.466162109375], [36.37646484375, 34.495166015624996], [36.32988281250002, 34.499609375], [36.326269531250006, 34.513330078124994], [36.388671875, 34.56689453125], [36.43300781250002, 34.6134765625], [36.383886718750006, 34.65791015625], [36.29628906250002, 34.6787109375], [36.26357421875002, 34.632861328124996], [36.15107421875001, 34.62861328125], [35.97626953125001, 34.629199218749996], [35.89931640625002, 34.852099609374996], [35.88789062500001, 34.948632812499994], [35.88994140625002, 35.060302734375], [35.94306640625001, 35.223828125], [35.918066406250006, 35.29951171875], [35.916015625, 35.350537109375], [35.902441406250006, 35.420703125], [35.76445312500002, 35.571582031249996], [35.83964843750002, 35.84921875], [35.892675781250006, 35.916552734374996]]]}}, {"type": "Feature", "properties": {"iso_a2": "OM", "iso_a3": "OMN", "continent": "Asia", "region_un": "Asia", "subregion": "Western Asia", "region_wb": "Middle East & North Africa", "name_en": "Oman", "name_fr": "Oman", "Location ID": "172", "Sub Region M49 ID": "145", "Region M49 ID": "142", "Location Type": "country", "Gac Code": null, "Region Brian": "1", "Sub Region Brian": "999", "Region Name": "Asia", "Sub Region Name": "Western Asia", "Region Name Brian": "Other", "Sub Region Name Brian": "Other"}, "geometry": {"type": "MultiPolygon", "coordinates": [[[[58.72207031250002, 20.21875], [58.65908203125002, 20.20361328125], [58.64091796875002, 20.210693359375], [58.641210937500006, 20.337353515624997], [58.78798828125002, 20.49658203125], [58.884375, 20.680566406249994], [58.95078125, 20.516162109375003], [58.83515625000001, 20.42392578124999], [58.77226562500002, 20.266845703125], [58.72207031250002, 20.21875]]], [[[53.08564453125001, 16.648388671874997], [53.025, 16.780224609374997], [52.96435546875, 16.912060546874997], [52.90371093750002, 17.043847656249994], [52.84296875000001, 17.175683593749994], [52.80058593750002, 17.26791992187499], [52.72919921875001, 17.300390625], [52.68593750000002, 17.39794921875], [52.641699218750006, 17.497851562500003], [52.59736328125001, 17.59775390624999], [52.553125, 17.69760742187499], [52.508886718750006, 17.797509765624994], [52.46455078125001, 17.897412109374997], [52.42031250000002, 17.997314453125], [52.376074218750006, 18.09716796875], [52.33173828125001, 18.197070312500003], [52.2875, 18.296923828125003], [52.243261718750006, 18.39682617187499], [52.19902343750002, 18.49667968749999], [52.15468750000002, 18.596582031249994], [52.110449218750006, 18.696484375], [52.06621093750002, 18.79638671875], [52.021875, 18.896289062500003], [51.977636718750006, 18.996142578125003], [52.11855468750002, 19.043164062499997], [52.290625, 19.100488281249994], [52.46269531250002, 19.1578125], [52.63466796875002, 19.215136718750003], [52.806738281250006, 19.2724609375], [52.97871093750001, 19.329785156249997], [53.15078125000002, 19.387158203124997], [53.322851562500006, 19.444482421874994], [53.49482421875001, 19.50180664062499], [53.66689453125002, 19.559130859375003], [53.8388671875, 19.616503906250003], [54.01093750000001, 19.673828125], [54.18300781250002, 19.731152343749997], [54.35498046875, 19.788476562499994], [54.52705078125001, 19.84580078124999], [54.69902343750002, 19.903125], [54.87109375, 19.960498046875003], [54.97734375000002, 19.99594726562499], [55.021484375, 20.12924804687499], [55.058203125, 20.239941406249997], [55.0947265625, 20.350634765625003], [55.131445312500006, 20.461328125], [55.168066406250006, 20.572021484375], [55.20458984375, 20.68271484374999], [55.2412109375, 20.793408203124997], [55.277929687500006, 20.904101562500003], [55.314453125, 21.014794921874994], [55.35107421875, 21.125537109375003], [55.3876953125, 21.236230468749994], [55.42431640625, 21.346923828125], [55.4609375, 21.45761718749999], [55.49755859375, 21.568310546874997], [55.5341796875, 21.679003906250003], [55.57080078125, 21.789697265624994], [55.607421875, 21.900390625], [55.64101562500002, 22.001855468749994], [55.577734375, 22.099511718749994], [55.492773437500006, 22.230664062499997], [55.40380859375, 22.367822265624994], [55.32011718750002, 22.49692382812499], [55.25927734375, 22.59091796874999], [55.18583984375002, 22.7041015625], [55.19404296875001, 22.85], [55.19218750000002, 22.92294921874999], [55.19990234375001, 23.034765625], [55.27021484375001, 23.18994140625], [55.35322265625001, 23.387451171875], [55.41386718750002, 23.51875], [55.46630859375, 23.63291015624999], [55.50849609375001, 23.724609375], [55.53164062500002, 23.819042968749997], [55.51933593750002, 23.885498046875], [55.491796875, 23.90966796875], [55.46845703125001, 23.941113281249997], [55.5478515625, 23.991357421874994], [55.69658203125002, 24.024121093749997], [55.77910156250002, 24.01708984375], [55.894140625, 24.04140625], [55.98515625000002, 24.063378906249994], [55.9921875, 24.09296875], [55.96630859375, 24.142626953125003], [55.92861328125002, 24.215136718750003], [55.79970703125002, 24.22265625], [55.760839843750006, 24.24267578125], [55.8056640625, 24.349804687499997], [55.80400390625002, 24.383544921875], [55.78681640625001, 24.423535156249997], [55.768164062500006, 24.490625], [55.77753906250001, 24.57734375], [55.80390625000001, 24.63623046875], [55.80419921875, 24.68359375], [55.791601562500006, 24.781298828125003], [55.79570312500002, 24.868115234374997], [55.822851562500006, 24.911279296874994], [55.870703125, 24.951416015625], [55.91582031250002, 24.97177734374999], [55.96308593750001, 24.970263671875003], [56.000585937500006, 24.95322265624999], [56.016699218750006, 24.90771484375], [56.00634765625, 24.876416015624997], [55.97968750000001, 24.8720703125], [55.9703125, 24.858935546875003], [56.008398437500006, 24.798242187499994], [56.06386718750002, 24.73876953125], [56.106542968750006, 24.748681640624994], [56.15449218750001, 24.79550781249999], [56.2046875, 24.833300781250003], [56.26787109375002, 24.86669921875], [56.313574218750006, 24.931298828124994], [56.35292968750002, 24.973291015624994], [56.38798828125002, 24.979199218749997], [56.48984375, 24.716357421875003], [56.640625, 24.4703125], [56.77412109375001, 24.33457031249999], [56.9125, 24.150195312500003], [57.123046875, 23.980712890625], [57.219824218750006, 23.922753906249994], [57.611328125, 23.803662109374997], [57.82509765625002, 23.75913085937499], [58.12041015625002, 23.716552734375], [58.32451171875002, 23.623828125], [58.393164062500006, 23.6181640625], [58.5, 23.645654296874994], [58.57802734375002, 23.643457031249994], [58.773046875, 23.5171875], [58.83037109375002, 23.3974609375], [58.91152343750002, 23.334179687499997], [58.9833984375, 23.23471679687499], [59.029882812500006, 23.130566406249997], [59.19472656250002, 22.971875], [59.31093750000002, 22.793359375], [59.42939453125001, 22.660839843749997], [59.53515625, 22.578515625], [59.69560546875002, 22.546142578125], [59.8232421875, 22.508984375], [59.8375, 22.420556640624994], [59.82441406250001, 22.30517578125], [59.8, 22.219921875], [59.68085937500001, 22.05380859374999], [59.65253906250001, 21.951367187499997], [59.517578125, 21.78232421874999], [59.37148437500002, 21.498828125], [59.30449218750002, 21.435351562500003], [59.06875, 21.2890625], [58.89570312500001, 21.11279296875], [58.6904296875, 20.80712890625], [58.5341796875, 20.50390625], [58.47421875, 20.406884765624994], [58.348730468750006, 20.386914062499997], [58.26601562500002, 20.395458984374997], [58.208984375, 20.423974609374994], [58.23164062500001, 20.5068359375], [58.24501953125002, 20.59921875], [58.16943359375, 20.589501953124994], [58.10292968750002, 20.570361328125003], [57.94716796875002, 20.34360351562499], [57.86181640625, 20.244140625], [57.84365234375002, 20.117724609375003], [57.80214843750002, 19.95458984375], [57.7412109375, 19.804492187500003], [57.71416015625002, 19.678417968749997], [57.71513671875002, 19.60693359375], [57.760839843750006, 19.43222656249999], [57.76396484375002, 19.253320312499994], [57.79033203125002, 19.145947265624997], [57.811621093750006, 19.01708984375], [57.73847656250001, 18.97734375], [57.67578125, 18.95786132812499], [57.42792968750001, 18.943798828124997], [57.17656250000002, 18.902587890625], [56.95722656250001, 18.827832031249997], [56.82597656250002, 18.753515625], [56.65507812500002, 18.587353515624997], [56.55078125, 18.165966796874997], [56.38349609375001, 17.987988281249997], [56.27031250000002, 17.95078125], [55.99765625, 17.935205078124994], [55.613867187500006, 17.88608398437499], [55.479101562500006, 17.84326171875], [55.25537109375, 17.585644531249997], [55.23818359375002, 17.50473632812499], [55.28144531250001, 17.446240234374997], [55.29560546875001, 17.381591796875], [55.27519531250002, 17.32089843749999], [55.17373046875002, 17.157617187499994], [55.06416015625001, 17.03891601562499], [54.771875, 16.964648437500003], [54.664648437500006, 17.00888671874999], [54.566503906250006, 17.03125], [54.376953125, 17.033642578124997], [54.06816406250002, 17.005517578124994], [53.95439453125002, 16.91782226562499], [53.775390625, 16.855712890625], [53.60986328125, 16.759960937499997], [53.29775390625002, 16.723339843749997], [53.08564453125001, 16.648388671874997]]], [[[56.2978515625, 25.650683593750003], [56.27851562500001, 25.627734375], [56.24951171875, 25.625390625], [56.18359375, 25.644921875], [56.144628906250006, 25.69052734374999], [56.151953125, 25.74609375], [56.15410156250002, 25.84848632812499], [56.17255859375001, 25.94516601562499], [56.16748046875, 26.0474609375], [56.11650390625002, 26.068164062499996], [56.08046875000002, 26.062646484374994], [56.16445312500002, 26.20703125], [56.197265625, 26.229199218749997], [56.22841796875002, 26.219775390624996], [56.30556640625002, 26.235205078125], [56.34648437500002, 26.313623046874994], [56.37871093750002, 26.356347656249994], [56.4130859375, 26.351171875], [56.429785156250006, 26.327197265624996], [56.41777343750002, 26.208154296874994], [56.41640625000002, 26.108740234375], [56.373632812500006, 25.804589843749994], [56.32929687500001, 25.751953125], [56.307226562500006, 25.70932617187499], [56.2978515625, 25.650683593750003]]], [[[56.281835937500006, 25.235546875], [56.240234375, 25.20883789062499], [56.210546875, 25.21328125], [56.21650390625001, 25.26669921874999], [56.23427734375002, 25.30380859374999], [56.27734375, 25.30087890624999], [56.28779296875001, 25.278613281250003], [56.281835937500006, 25.235546875]]]]}}, {"type": "Feature", "properties": {"iso_a2": "AE", "iso_a3": "ARE", "continent": "Asia", "region_un": "Asia", "subregion": "Western Asia", "region_wb": "Middle East & North Africa", "name_en": "United Arab Emirates", "name_fr": "\u00c9mirats arabes unis", "Location ID": "2", "Sub Region M49 ID": "145", "Region M49 ID": "142", "Location Type": "country", "Gac Code": null, "Region Brian": "1", "Sub Region Brian": "999", "Region Name": "Asia", "Sub Region Name": "Western Asia", "Region Name Brian": "Other", "Sub Region Name Brian": "Other"}, "geometry": {"type": "MultiPolygon", "coordinates": [[[[56.2978515625, 25.650683593750003], [56.36347656250001, 25.569384765625003], [56.37285156250002, 25.018310546875], [56.38798828125002, 24.979199218749997], [56.35292968750002, 24.973291015624994], [56.313574218750006, 24.931298828124994], [56.26787109375002, 24.86669921875], [56.2046875, 24.833300781250003], [56.15449218750001, 24.79550781249999], [56.106542968750006, 24.748681640624994], [56.06386718750002, 24.73876953125], [56.008398437500006, 24.798242187499994], [55.9703125, 24.858935546875003], [55.97968750000001, 24.8720703125], [56.00634765625, 24.876416015624997], [56.016699218750006, 24.90771484375], [56.000585937500006, 24.95322265624999], [55.96308593750001, 24.970263671875003], [55.91582031250002, 24.97177734374999], [55.870703125, 24.951416015625], [55.822851562500006, 24.911279296874994], [55.79570312500002, 24.868115234374997], [55.791601562500006, 24.781298828125003], [55.80419921875, 24.68359375], [55.80390625000001, 24.63623046875], [55.77753906250001, 24.57734375], [55.768164062500006, 24.490625], [55.78681640625001, 24.423535156249997], [55.80400390625002, 24.383544921875], [55.8056640625, 24.349804687499997], [55.760839843750006, 24.24267578125], [55.79970703125002, 24.22265625], [55.92861328125002, 24.215136718750003], [55.96630859375, 24.142626953125003], [55.9921875, 24.09296875], [55.98515625000002, 24.063378906249994], [55.894140625, 24.04140625], [55.77910156250002, 24.01708984375], [55.69658203125002, 24.024121093749997], [55.5478515625, 23.991357421874994], [55.46845703125001, 23.941113281249997], [55.491796875, 23.90966796875], [55.51933593750002, 23.885498046875], [55.53164062500002, 23.819042968749997], [55.50849609375001, 23.724609375], [55.46630859375, 23.63291015624999], [55.41386718750002, 23.51875], [55.35322265625001, 23.387451171875], [55.27021484375001, 23.18994140625], [55.19990234375001, 23.034765625], [55.19218750000002, 22.92294921874999], [55.19404296875001, 22.85], [55.18583984375002, 22.7041015625], [55.11943359375002, 22.623925781249994], [55.10429687500002, 22.621484375], [55.025, 22.631152343750003], [54.99824218750001, 22.634375], [54.922460937500006, 22.64365234374999], [54.80488281250001, 22.658007812500003], [54.65224609375002, 22.676660156249994], [54.4716796875, 22.69873046875], [54.270117187500006, 22.723339843749997], [54.05458984375002, 22.749658203124994], [53.832128906250006, 22.776806640624997], [53.60957031250001, 22.804003906250003], [53.39404296875, 22.830322265625], [53.1923828125, 22.854931640624997], [53.01191406250001, 22.877001953125003], [52.85927734375002, 22.89560546874999], [52.74160156250002, 22.91000976562499], [52.66591796875002, 22.91928710937499], [52.63916015625, 22.922509765624994], [52.55507812500002, 22.9328125], [52.50957031250002, 22.986962890624994], [52.45458984375, 23.052441406249997], [52.39960937500001, 23.11796875], [52.34453125000002, 23.183496093749994], [52.28955078125, 23.248974609374997], [52.23457031250001, 23.314453125], [52.17949218750002, 23.37998046874999], [52.12451171875, 23.445458984374994], [52.069433593750006, 23.510986328125], [52.01445312500002, 23.576464843750003], [51.95947265625, 23.641992187499994], [51.904394531250006, 23.70751953125], [51.84941406250002, 23.772998046875003], [51.79433593750002, 23.83847656249999], [51.739355468750006, 23.904003906249997], [51.684375, 23.96953125], [51.62929687500002, 24.03500976562499], [51.59257812500002, 24.078857421875], [51.57216796875002, 24.128320312499994], [51.568359375, 24.25791015624999], [51.568359375, 24.286181640625003], [51.60546875, 24.338427734375003], [51.623144531250006, 24.301074218750003], [51.66455078125, 24.250439453124997], [51.73476562500002, 24.26279296874999], [51.767578125, 24.25439453125], [51.79169921875001, 24.074755859375003], [51.84316406250002, 24.010888671874994], [51.90605468750002, 23.9853515625], [52.11855468750002, 23.97109375], [52.25087890625002, 23.99521484374999], [52.51142578125001, 24.1125], [52.64824218750002, 24.15463867187499], [53.0263671875, 24.14731445312499], [53.32958984375, 24.0984375], [53.8017578125, 24.069482421874994], [53.89335937500002, 24.077050781249994], [54.14794921875, 24.171191406250003], [54.304296875, 24.254296875], [54.397070312500006, 24.27817382812499], [54.45839843750002, 24.35825195312499], [54.49882812500002, 24.462695312500003], [54.53466796875, 24.530957031249997], [54.58046875000002, 24.563525390625003], [54.624121093750006, 24.621289062499997], [54.65898437500002, 24.715527343749997], [54.74677734375001, 24.810449218749994], [55.09814453125, 25.04160156249999], [55.30351562500002, 25.23681640625], [55.32167968750002, 25.2998046875], [55.43339843750002, 25.394482421874997], [55.52285156250002, 25.49814453124999], [55.94121093750002, 25.793994140625003], [56.02519531250002, 25.916015625], [56.07460937500002, 26.052783203124996], [56.08046875000002, 26.062646484374994], [56.11650390625002, 26.068164062499996], [56.16748046875, 26.0474609375], [56.17255859375001, 25.94516601562499], [56.15410156250002, 25.84848632812499], [56.151953125, 25.74609375], [56.144628906250006, 25.69052734374999], [56.18359375, 25.644921875], [56.24951171875, 25.625390625], [56.27851562500001, 25.627734375], [56.2978515625, 25.650683593750003]], [[56.281835937500006, 25.235546875], [56.28779296875001, 25.278613281250003], [56.27734375, 25.30087890624999], [56.23427734375002, 25.30380859374999], [56.21650390625001, 25.26669921874999], [56.210546875, 25.21328125], [56.240234375, 25.20883789062499], [56.281835937500006, 25.235546875]]], [[[53.33222656250001, 24.25859375], [53.25830078125, 24.2529296875], [53.19091796875, 24.290917968749994], [53.33251953125, 24.341601562500003], [53.37089843750002, 24.364453125], [53.41240234375002, 24.411035156249994], [53.4453125, 24.37119140624999], [53.40898437500002, 24.307910156250003], [53.38261718750002, 24.280859375], [53.33222656250001, 24.25859375]]], [[[52.61689453125001, 24.28857421875], [52.6, 24.281298828125003], [52.58222656250001, 24.335253906250003], [52.58359375, 24.35234375], [52.62939453125, 24.376757812500003], [52.65761718750002, 24.33261718749999], [52.61689453125001, 24.28857421875]]], [[[53.927832031250006, 24.177197265624997], [53.928125, 24.143359375], [53.82636718750001, 24.153125], [53.79912109375002, 24.135546875], [53.7158203125, 24.1453125], [53.63447265625001, 24.16977539062499], [53.68964843750001, 24.21079101562499], [53.83378906250002, 24.258935546874994], [53.89375, 24.215136718750003], [53.927832031250006, 24.177197265624997]]], [[[54.465429687500006, 24.442773437499994], [54.456640625, 24.42333984375], [54.42841796875001, 24.425097656250003], [54.35771484375002, 24.442773437499994], [54.33476562500002, 24.47104492187499], [54.37890625, 24.504589843749997], [54.39833984375002, 24.50634765625], [54.42656250000002, 24.47104492187499], [54.465429687500006, 24.442773437499994]]]]}}, {"type": "Feature", "properties": {"iso_a2": "TR", "iso_a3": "TUR", "continent": "Asia", "region_un": "Asia", "subregion": "Western Asia", "region_wb": "Europe & Central Asia", "name_en": "Turkey", "name_fr": "Turquie", "Location ID": "225", "Sub Region M49 ID": "145", "Region M49 ID": "142", "Location Type": "country", "Gac Code": null, "Region Brian": "991", "Sub Region Brian": "996", "Region Name": "Asia", "Sub Region Name": "Western Asia", "Region Name Brian": "Middle East", "Sub Region Name Brian": "Middle East"}, "geometry": {"type": "MultiPolygon", "coordinates": [[[[25.970019531250017, 40.136328125], [25.740234375, 40.10546875], [25.6689453125, 40.135888671874994], [25.74091796875001, 40.1962890625], [25.874804687500017, 40.233691406249996], [25.918359375000023, 40.23798828125], [25.97705078125, 40.17783203125], [25.970019531250017, 40.136328125]]], [[[41.51005859375002, 41.517480468749994], [41.57656250000002, 41.497314453125], [41.701757812500006, 41.471582031249994], [41.779394531250006, 41.44052734375], [41.82353515625002, 41.432373046875], [41.92578125, 41.495654296874996], [42.077734375, 41.494091796875], [42.21113281250001, 41.48671875], [42.27998046875001, 41.475], [42.364355468750006, 41.454003906249994], [42.46640625, 41.43984375], [42.507910156250006, 41.470068359375], [42.5673828125, 41.55927734375], [42.590429687500006, 41.570703125], [42.60683593750002, 41.57880859375], [42.68242187500002, 41.585742187499996], [42.75410156250001, 41.57890625], [42.78789062500002, 41.563720703125], [42.82167968750002, 41.4923828125], [42.90673828125, 41.466845703124996], [43.05712890625, 41.352832031249996], [43.149023437500006, 41.30712890625], [43.17128906250002, 41.287939453125], [43.14101562500002, 41.26484375], [43.15283203125, 41.23642578125], [43.20546875000002, 41.199169921875], [43.279296875, 41.185205078124994], [43.358984375, 41.19013671875], [43.40234375, 41.1765625], [43.43339843750002, 41.155517578125], [43.44160156250001, 41.1259765625], [43.439453125, 41.10712890625], [43.45527343750001, 41.064697265625], [43.51748046875002, 41.004833984375], [43.59169921875002, 40.968212890625], [43.63164062500002, 40.929003906249996], [43.69648437500001, 40.794140625], [43.72265625, 40.71953125], [43.712890625, 40.647753906249996], [43.66787109375002, 40.574072265625], [43.5693359375, 40.482373046875], [43.59375, 40.44404296875], [43.615820312500006, 40.393310546875], [43.6083984375, 40.356591796874994], [43.678125, 40.239306640624996], [43.70986328125002, 40.16650390625], [43.68330078125001, 40.149658203125], [43.66621093750001, 40.126367187499994], [43.79169921875001, 40.070263671875], [43.941992187500006, 40.02314453125], [44.00537109375, 40.014111328125], [44.17802734375002, 40.0357421875], [44.28925781250001, 40.040380859375], [44.39960937500001, 39.995751953124994], [44.56044921875002, 39.887597656249994], [44.73378906250002, 39.746484375], [44.76826171875001, 39.703515625], [44.78339843750001, 39.68466796875], [44.81718750000002, 39.650439453124996], [44.78212890625002, 39.65107421875], [44.725, 39.68173828125], [44.58710937500001, 39.7685546875], [44.516699218750006, 39.73125], [44.45595703125002, 39.666748046875], [44.38935546875001, 39.422119140625], [44.33544921875, 39.396044921874996], [44.24042968750001, 39.396777343749996], [44.1240234375, 39.405224609375], [44.0439453125, 39.39296875], [44.02324218750002, 39.37744140625], [44.033789062500006, 39.351025390625], [44.05751953125002, 39.310839843749996], [44.074316406250006, 39.2599609375], [44.0791015625, 39.218310546874996], [44.12128906250001, 39.180615234375], [44.17802734375002, 39.144824218749996], [44.18056640625002, 39.108056640624994], [44.171875, 39.05625], [44.158789062500006, 39.016748046874994], [44.14453125, 38.994384765625], [44.17080078125002, 38.934375], [44.232421875, 38.863232421875], [44.27167968750001, 38.83603515625], [44.25703125000001, 38.700634765625], [44.28017578125002, 38.640673828124996], [44.2978515625, 38.5578125], [44.29082031250002, 38.4201171875], [44.29853515625001, 38.386279296874996], [44.31962890625002, 38.37470703125], [44.37578125000002, 38.369580078125], [44.43085937500001, 38.356787109375], [44.44990234375001, 38.334228515625], [44.44960937500002, 38.317773437499994], [44.380859375, 38.25458984375], [44.37275390625001, 38.209716796875], [44.34892578125002, 38.146484375], [44.32939453125002, 38.109277343749994], [44.26796875000002, 38.038818359375], [44.22890625000002, 37.9671875], [44.21132812500002, 37.908056640625], [44.22294921875002, 37.880175781249996], [44.33623046875002, 37.87177734375], [44.39775390625002, 37.829248046874994], [44.56123046875001, 37.74462890625], [44.589941406250006, 37.710351562499994], [44.54531250000002, 37.658154296875], [44.54609375000001, 37.636328125], [44.56718750000002, 37.608642578125], [44.5771484375, 37.560205078124994], [44.57314453125002, 37.506396484374996], [44.57402343750002, 37.435400390625], [44.604101562500006, 37.423730468749994], [44.71513671875002, 37.35712890625], [44.79414062500001, 37.290380859375], [44.79677734375002, 37.269775390625], [44.75830078125, 37.217089843749996], [44.766699218750006, 37.15634765625], [44.76513671875, 37.142431640625], [44.73095703125, 37.165283203125], [44.66933593750002, 37.173583984375], [44.60595703125, 37.176025390625], [44.566015625, 37.158251953124996], [44.49599609375002, 37.110546875], [44.401953125, 37.058496093749994], [44.32558593750002, 37.0107421875], [44.281835937500006, 36.97802734375], [44.245703125, 36.983300781249994], [44.21748046875001, 37.011865234374994], [44.20166015625, 37.051806640624996], [44.20839843750002, 37.20263671875], [44.19179687500002, 37.249853515625], [44.15625, 37.282958984375], [44.11445312500001, 37.30185546875], [44.06464843750001, 37.312451171875], [44.01318359375, 37.313525390624996], [43.940039062500006, 37.269287109375], [43.83642578125, 37.223535156249994], [43.67578125, 37.22724609375], [43.56796875, 37.23583984375], [43.51582031250001, 37.24453125], [43.306738281250006, 37.3146484375], [43.26308593750002, 37.31650390625], [43.18515625, 37.344873046874994], [43.09248046875001, 37.3673828125], [42.936621093750006, 37.324755859374996], [42.869140625, 37.334912109375], [42.77460937500001, 37.371875], [42.74111328125002, 37.3619140625], [42.63544921875001, 37.249267578125], [42.45585937500002, 37.128710937499996], [42.358984375, 37.10859375], [42.31289062500002, 37.22958984375], [42.2685546875, 37.2765625], [42.24755859375, 37.2822265625], [42.202734375, 37.297265625], [42.16787109375002, 37.288623046874996], [42.05986328125002, 37.2060546875], [41.886816406250006, 37.156396484374994], [41.74355468750002, 37.126123046874994], [41.51552734375002, 37.089160156249996], [41.33955078125001, 37.07080078125], [41.2646484375, 37.0693359375], [41.102148437500006, 37.085888671875], [40.95888671875002, 37.109179687499996], [40.815625, 37.108154296875], [40.705664062500006, 37.097705078124996], [40.45039062500001, 37.00888671875], [40.01640625000002, 36.826074218749994], [39.6865234375, 36.738623046875], [39.50146484375, 36.70224609375], [39.35664062500001, 36.681591796875], [39.1083984375, 36.680566406249994], [38.90644531250001, 36.694677734375], [38.7666015625, 36.693115234375], [38.68886718750002, 36.715087890625], [38.57802734375002, 36.789111328124996], [38.44375, 36.862255859375], [38.38398437500001, 36.879248046875], [38.30585937500001, 36.893359375], [38.19169921875002, 36.9015625], [37.90664062500002, 36.79462890625], [37.81796875, 36.765576171875], [37.7203125, 36.743701171874996], [37.523535156250006, 36.6783203125], [37.43632812500002, 36.643310546875], [37.32705078125002, 36.64658203125], [37.18740234375002, 36.655908203124994], [37.06621093750002, 36.652636718749996], [36.9853515625, 36.702392578125], [36.94179687500002, 36.7583984375], [36.77656250000001, 36.79267578125], [36.65859375000002, 36.802539062499996], [36.62841796875, 36.777685546875], [36.596875, 36.7013671875], [36.54667968750002, 36.50634765625], [36.5375, 36.457421875], [36.64140625000002, 36.263525390625], [36.63671875, 36.233984375], [36.56240234375002, 36.223925781249996], [36.47705078125, 36.220703125], [36.421484375, 36.203466796875], [36.37539062500002, 36.171240234375], [36.34755859375002, 36.003515625], [36.24882812500002, 35.972705078124996], [36.20195312500002, 35.937548828124996], [36.15361328125002, 35.833886718749994], [36.12734375000002, 35.831445312499994], [35.96757812500002, 35.910058593749994], [35.892675781250006, 35.916552734374996], [35.95693359375002, 35.99814453125], [35.88710937500002, 36.159082031249994], [35.81093750000002, 36.309863281249996], [35.8828125, 36.40634765625], [36.03173828125, 36.522705078125], [36.1884765625, 36.658984375], [36.18818359375001, 36.743066406249994], [36.18007812500002, 36.8072265625], [36.13515625000002, 36.851611328124996], [36.048925781250006, 36.910595703125], [35.90458984375002, 36.847607421875], [35.80156250000002, 36.778076171875], [35.73427734375002, 36.763964843749996], [35.6611328125, 36.72431640625], [35.625585937500006, 36.652783203125], [35.53740234375002, 36.597021484375], [35.393164062500006, 36.5751953125], [35.17617187500002, 36.63486328125], [34.94316406250002, 36.72568359375], [34.81123046875001, 36.799267578125], [34.70361328125, 36.816796875], [34.60136718750002, 36.784472656249996], [34.29960937500002, 36.60419921875], [34.0234375, 36.340771484375], [33.95488281250002, 36.295214843749996], [33.69472656250002, 36.181982421875], [33.52275390625002, 36.143994140625], [33.44179687500002, 36.15283203125], [33.09951171875002, 36.102978515625], [32.92949218750002, 36.095703125], [32.79482421875002, 36.035888671875], [32.533789062500006, 36.100732421874994], [32.37773437500002, 36.183642578124996], [32.283789062500006, 36.267871093749996], [32.13056640625001, 36.449121093749994], [32.02197265625, 36.535302734374994], [31.777929687500006, 36.61279296875], [31.3525390625, 36.801074218749996], [31.240625, 36.821728515625], [30.950292968750006, 36.848681640624996], [30.64404296875, 36.865673828125], [30.58203125, 36.797167968749996], [30.558496093750023, 36.525830078125], [30.50605468750001, 36.451123046875], [30.48359375000001, 36.310400390625], [30.446093750000017, 36.269873046875], [30.387304687500006, 36.24326171875], [30.29541015625, 36.2876953125], [30.23164062500001, 36.30732421875], [30.08320312500001, 36.249365234375], [29.78925781250001, 36.16806640625], [29.6890625, 36.156689453125], [29.34833984375001, 36.258837890624996], [29.2236328125, 36.324462890625], [29.14326171875001, 36.397216796875], [29.116113281250023, 36.5201171875], [29.065527343750006, 36.590087890625], [29.05810546875, 36.638134765625], [29.03828125000001, 36.69345703125], [28.969628906250023, 36.71533203125], [28.895898437500023, 36.673583984375], [28.81689453125, 36.67529296875], [28.717675781250023, 36.70087890625], [28.48359375000001, 36.80380859375], [28.3037109375, 36.811962890625], [28.195605468750017, 36.686328125], [28.11152343750001, 36.646386718749994], [28.019433593750023, 36.63447265625], [28.01416015625, 36.670214843749996], [28.083984375, 36.75146484375], [27.803808593750006, 36.736474609374994], [27.655859375, 36.674609375], [27.540429687500023, 36.684228515624994], [27.453906250000017, 36.712158203125], [27.466894531250006, 36.746337890625], [27.5546875, 36.75888671875], [27.630859375, 36.786669921874996], [27.934472656250023, 36.80927734375], [28.00537109375, 36.831982421875], [28.0830078125, 36.920263671875], [28.224414062500017, 36.996386718749996], [28.24238281250001, 37.029052734375], [28.133691406250023, 37.0294921875], [27.668359375000023, 37.007421875], [27.348925781250017, 37.019580078124996], [27.31103515625, 36.981884765625], [27.262988281250017, 36.9765625], [27.24970703125001, 37.079150390624996], [27.300195312500023, 37.126855468749994], [27.3681640625, 37.122412109375], [27.535058593750023, 37.163867187499996], [27.520117187500006, 37.24912109375], [27.40058593750001, 37.30673828125], [27.376269531250017, 37.340722656249994], [27.28955078125, 37.348681640624996], [27.21923828125, 37.38916015625], [27.203906250000017, 37.49140625], [27.14794921875, 37.60361328125], [27.06796875, 37.65791015625], [27.07783203125001, 37.6876953125], [27.224414062500017, 37.725439453125], [27.254785156250023, 37.88232421875], [27.232421875, 37.978662109374994], [27.15869140625, 37.986865234374996], [26.94384765625, 38.062890625], [26.87861328125001, 38.05478515625], [26.807421875000017, 38.138330078124994], [26.68281250000001, 38.19833984375], [26.62109375, 38.1763671875], [26.582421875000023, 38.149267578125], [26.524707031250017, 38.162255859374994], [26.42792968750001, 38.21435546875], [26.332910156250023, 38.242480468749996], [26.29072265625001, 38.277197265625], [26.343652343750023, 38.370068359375], [26.416406250000023, 38.36787109375], [26.4296875, 38.440625], [26.37226562500001, 38.561914062499994], [26.377832031250023, 38.624169921874994], [26.441308593750023, 38.6412109375], [26.513574218750023, 38.6294921875], [26.586523437500006, 38.55703125], [26.6103515625, 38.4869140625], [26.595019531250017, 38.418603515624994], [26.64130859375001, 38.352441406249994], [26.674218750000023, 38.335742187499996], [26.696386718750006, 38.40537109375], [26.727343750000017, 38.418603515624994], [26.769921875000023, 38.38818359375], [26.861425781250006, 38.372949218749994], [27.0986328125, 38.41572265625], [27.14423828125001, 38.451953125], [26.97041015625001, 38.4478515625], [26.906835937500006, 38.481738281249996], [26.837792968750023, 38.557568359375], [26.795312500000023, 38.626416015625], [26.787695312500006, 38.660205078124996], [26.763671875, 38.709619140624994], [26.790136718750006, 38.736083984375], [26.9091796875, 38.77578125], [27.013671875, 38.886865234374994], [26.970117187500023, 38.91904296875], [26.920312500000023, 38.934228515624994], [26.8662109375, 38.92294921875], [26.81494140625, 38.960986328124996], [26.80830078125001, 39.013916015625], [26.84931640625001, 39.05673828125], [26.853613281250006, 39.115625], [26.719335937500006, 39.260644531249994], [26.68183593750001, 39.292236328125], [26.710742187500017, 39.339648437499996], [26.813281250000017, 39.41904296875], [26.910937500000017, 39.517333984375], [26.899218750000017, 39.549658203125], [26.827050781250023, 39.562890625], [26.48408203125001, 39.520703125], [26.35078125000001, 39.48408203125], [26.113085937500017, 39.4673828125], [26.095996093750017, 39.520800781249996], [26.101367187500017, 39.5689453125], [26.154687500000023, 39.656640625], [26.149804687500023, 39.872851562499996], [26.18134765625001, 39.990087890625], [26.313378906250023, 40.025], [26.475390625000017, 40.197265625], [26.738085937500017, 40.400244140625], [27.012109375000023, 40.396337890625], [27.121679687500006, 40.45234375], [27.284570312500023, 40.455615234374996], [27.31416015625001, 40.414892578125], [27.332617187500006, 40.375927734375], [27.4755859375, 40.319921875], [27.72802734375, 40.32880859375], [27.789355468750017, 40.350878906249996], [27.848535156250023, 40.381738281249994], [27.731835937500023, 40.481494140624996], [27.769140625, 40.509619140625], [27.874902343750023, 40.512939453125], [27.989550781250017, 40.489453125], [27.99482421875001, 40.466601562499996], [27.96435546875, 40.435302734375], [27.92890625000001, 40.380419921874996], [27.96259765625001, 40.369873046875], [28.2890625, 40.40302734375], [28.630273437500023, 40.37646484375], [28.738867187500006, 40.390869140625], [29.007128906250017, 40.38974609375], [29.05517578125, 40.424169921875], [28.974023437500023, 40.4673828125], [28.894628906250006, 40.482421875], [28.841210937500023, 40.503466796874996], [28.787890625000017, 40.534033203125], [28.9580078125, 40.63056640625], [29.054101562500023, 40.64912109375], [29.507617187500017, 40.708398437499994], [29.84492187500001, 40.738085937499996], [29.84921875, 40.760107421875], [29.800585937500017, 40.76015625], [29.36474609375, 40.80927734375], [29.259765625, 40.847314453124994], [29.113867187500006, 40.937841796875], [29.08222656250001, 40.963427734374996], [29.045507812500006, 41.007568359375], [29.0673828125, 41.10166015625], [29.094335937500006, 41.17724609375], [29.14814453125001, 41.221044921875], [29.322265625, 41.227734375], [29.919335937500023, 41.150830078125], [30.34492187500001, 41.196923828124994], [30.81005859375, 41.084863281249994], [31.2548828125, 41.1076171875], [31.3466796875, 41.15791015625], [31.4580078125, 41.32001953125], [32.08642578125, 41.589208984375], [32.30644531250002, 41.72958984375], [32.54218750000001, 41.806396484375], [32.94667968750002, 41.891748046874994], [33.284765625, 42.00458984375], [33.38134765625, 42.017578125], [34.19296875, 41.963671875], [34.75048828125, 41.956835937499996], [35.006445312500006, 42.06328125], [35.154882812500006, 42.0275390625], [35.14101562500002, 41.989501953125], [35.11406250000002, 41.956982421875], [35.1220703125, 41.89111328125], [35.20917968750001, 41.794384765625], [35.29775390625002, 41.728515625], [35.55800781250002, 41.634033203125], [35.91982421875002, 41.713720703125], [35.978125, 41.704833984375], [36.0517578125, 41.682568359375], [36.17919921875, 41.4265625], [36.278417968750006, 41.3361328125], [36.405371093750006, 41.274609375], [36.50966796875002, 41.2625], [36.58710937500001, 41.32666015625], [36.647070312500006, 41.3525390625], [36.77773437500002, 41.3634765625], [36.99199218750002, 41.275390625], [37.06621093750002, 41.184423828125], [37.43095703125002, 41.114111328125], [37.765625, 41.07890625], [37.91005859375002, 41.001904296875], [38.38105468750001, 40.92451171875], [38.55693359375002, 40.9365234375], [38.852148437500006, 41.01767578125], [39.426367187500006, 41.1064453125], [39.80791015625002, 40.98251953125], [39.9111328125, 40.966455078124994], [40.00019531250001, 40.9771484375], [40.12841796875, 40.943017578124994], [40.265234375, 40.961328125], [40.6875, 41.107421875], [40.81953125000001, 41.190234375], [40.95947265625, 41.21162109375], [41.08359375, 41.261181640625], [41.41435546875002, 41.423632812499996], [41.51005859375002, 41.517480468749994]]], [[[28.014453125000017, 41.969042968749996], [27.9873046875, 41.854882812499994], [28.05029296875, 41.729150390624994], [28.197851562500006, 41.554492187499996], [28.34638671875001, 41.466357421874996], [28.94677734375, 41.248388671875], [29.057226562500006, 41.229736328125], [29.032128906250023, 41.140478515625], [28.995996093750023, 41.0611328125], [28.95625, 41.008203125], [28.780371093750006, 40.974169921874996], [28.294921875, 41.071484375], [28.172167968750017, 41.080712890624994], [28.085546875, 41.061328125], [27.925195312500023, 40.990576171875], [27.747363281250017, 41.01328125], [27.499414062500023, 40.97314453125], [27.43017578125, 40.83994140625], [27.25800781250001, 40.687353515625], [26.974609375, 40.564013671874996], [26.772070312500006, 40.498046875], [26.46796875000001, 40.261474609375], [26.329980468750023, 40.123388671875], [26.271777343750017, 40.096582031249994], [26.202734375, 40.075390625], [26.225976562500023, 40.14169921875], [26.260156250000023, 40.202392578125], [26.252343750000023, 40.24814453125], [26.253808593750023, 40.314697265625], [26.355273437500017, 40.390234375], [26.44746093750001, 40.44501953125], [26.7203125, 40.544238281249996], [26.792089843750006, 40.626611328124994], [26.578125, 40.624658203124994], [26.3609375, 40.606347656249994], [26.22421875, 40.618066406249994], [26.10546875, 40.611328125], [26.067773437500023, 40.683398437499996], [26.038964843750023, 40.7267578125], [26.069726562500023, 40.740283203124996], [26.109179687500017, 40.749658203124994], [26.17890625000001, 40.826513671875], [26.2412109375, 40.883203125], [26.3310546875, 40.954492187499994], [26.354101562500006, 40.9970703125], [26.354101562500006, 41.036767578124994], [26.332617187500006, 41.064306640625], [26.328417968750017, 41.097021484375], [26.32568359375, 41.14326171875], [26.330664062500006, 41.23876953125], [26.536425781250017, 41.343115234375], [26.602343750000017, 41.354150390624994], [26.624902343750023, 41.401757812499994], [26.609765625000023, 41.512158203125], [26.581347656250017, 41.60126953125], [26.54453125, 41.607226562499996], [26.495019531250023, 41.633251953125], [26.4625, 41.663378906249996], [26.410546875000023, 41.696337890624996], [26.320898437500006, 41.716552734375], [26.31796875, 41.744677734374996], [26.327246093750006, 41.772802734375], [26.3603515625, 41.8015625], [26.51142578125001, 41.8263671875], [26.529296875, 41.8466796875], [26.549707031250023, 41.896728515625], [26.5796875, 41.94794921875], [26.615332031250006, 41.964892578124996], [26.67919921875, 41.963330078125], [26.800390625, 41.975146484374996], [26.884863281250006, 41.991845703124994], [26.96875, 42.02685546875], [27.01171875, 42.058642578124996], [27.193359375, 42.077099609375], [27.24433593750001, 42.09326171875], [27.294921875, 42.079541015625], [27.362890625, 42.025048828124994], [27.47480468750001, 41.946875], [27.53486328125001, 41.920800781249994], [27.579882812500017, 41.932910156249996], [27.6611328125, 41.961328125], [27.738867187500006, 41.9615234375], [27.801660156250023, 41.95654296875], [27.831933593750023, 41.981298828125], [27.879199218750017, 41.986621093749996], [28.014453125000017, 41.969042968749996]]]]}}, {"type": "Feature", "properties": {"iso_a2": "IQ", "iso_a3": "IRQ", "continent": "Asia", "region_un": "Asia", "subregion": "Western Asia", "region_wb": "Middle East & North Africa", "name_en": "Iraq", "name_fr": "Irak", "Location ID": "107", "Sub Region M49 ID": "145", "Region M49 ID": "142", "Location Type": "country", "Gac Code": null, "Region Brian": "991", "Sub Region Brian": "996", "Region Name": "Asia", "Sub Region Name": "Western Asia", "Region Name Brian": "Middle East", "Sub Region Name Brian": "Middle East"}, "geometry": {"type": "Polygon", "coordinates": [[[42.358984375, 37.10859375], [42.45585937500002, 37.128710937499996], [42.63544921875001, 37.249267578125], [42.74111328125002, 37.3619140625], [42.77460937500001, 37.371875], [42.869140625, 37.334912109375], [42.936621093750006, 37.324755859374996], [43.09248046875001, 37.3673828125], [43.18515625, 37.344873046874994], [43.26308593750002, 37.31650390625], [43.306738281250006, 37.3146484375], [43.51582031250001, 37.24453125], [43.56796875, 37.23583984375], [43.67578125, 37.22724609375], [43.83642578125, 37.223535156249994], [43.940039062500006, 37.269287109375], [44.01318359375, 37.313525390624996], [44.06464843750001, 37.312451171875], [44.11445312500001, 37.30185546875], [44.15625, 37.282958984375], [44.19179687500002, 37.249853515625], [44.20839843750002, 37.20263671875], [44.20166015625, 37.051806640624996], [44.21748046875001, 37.011865234374994], [44.245703125, 36.983300781249994], [44.281835937500006, 36.97802734375], [44.32558593750002, 37.0107421875], [44.401953125, 37.058496093749994], [44.49599609375002, 37.110546875], [44.566015625, 37.158251953124996], [44.60595703125, 37.176025390625], [44.66933593750002, 37.173583984375], [44.73095703125, 37.165283203125], [44.76513671875, 37.142431640625], [44.76542968750002, 37.135009765625], [44.7984375, 37.063867187499994], [44.880859375, 36.79931640625], [44.927832031250006, 36.765917968749996], [44.9814453125, 36.737695312499994], [45.01923828125001, 36.698388671874994], [45.03398437500002, 36.65888671875], [45.029394531250006, 36.597558593749994], [45.03105468750002, 36.52607421875], [45.053125, 36.471630859375], [45.08378906250002, 36.430029296875], [45.112402343750006, 36.40927734375], [45.1552734375, 36.407373046874994], [45.20654296875, 36.39716796875], [45.24111328125002, 36.35595703125], [45.35087890625002, 36.054638671875], [45.36162109375002, 36.01533203125], [45.40771484375, 36.002783203125], [45.48378906250002, 36.008544921875], [45.561621093750006, 35.977197265624994], [45.64501953125, 35.928369140624994], [45.72343750000002, 35.836669921875], [45.7763671875, 35.821826171874996], [45.94140625, 35.835400390625], [46.16748046875, 35.820556640625], [46.2734375, 35.773242187499996], [46.2625, 35.744140625], [46.18095703125002, 35.711376953125], [46.03740234375002, 35.673144531249996], [45.99501953125002, 35.60810546875], [45.97109375000002, 35.524169921875], [45.97539062500002, 35.476806640625], [46.01064453125002, 35.4248046875], [46.11210937500002, 35.321679687499994], [46.117773437500006, 35.28427734375], [46.1357421875, 35.232275390625], [46.15468750000002, 35.196728515625], [46.1337890625, 35.12763671875], [46.04179687500002, 35.08017578125], [45.9208984375, 35.028515625], [45.678125, 34.7984375], [45.66005859375002, 34.748779296875], [45.66152343750002, 34.612695312499994], [45.6375, 34.573828125], [45.56083984375002, 34.574511718749996], [45.50078125000002, 34.581591796874996], [45.49775390625001, 34.53388671875], [45.459375, 34.470361328124994], [45.437597656250006, 34.41513671875], [45.52685546875, 34.28466796875], [45.54277343750002, 34.21552734375], [45.52861328125002, 34.1525390625], [45.44609375000002, 34.04404296875], [45.397070312500006, 33.970849609374994], [45.40898437500002, 33.954492187499994], [45.473242187500006, 33.92548828125], [45.67373046875002, 33.686669921874994], [45.73828125, 33.602832031249996], [45.822851562500006, 33.624804687499996], [45.8544921875, 33.623339843749996], [45.87939453125, 33.609765625], [45.89472656250001, 33.58154296875], [45.89472656250001, 33.545654296875], [45.87324218750001, 33.491992187499996], [45.981054687500006, 33.470117187499994], [46.01992187500002, 33.41572265625], [46.14589843750002, 33.229638671874994], [46.14111328125, 33.1744140625], [46.08076171875001, 33.0865234375], [46.08046875000002, 33.028222656249994], [46.09306640625002, 32.975878906249996], [46.11279296875, 32.957666015624994], [46.29824218750002, 32.950244140624996], [46.377050781250006, 32.929248046874996], [46.569921875, 32.833935546875], [46.7890625, 32.68798828125], [46.96855468750002, 32.568408203124996], [47.12138671875002, 32.466601562499996], [47.28515625, 32.474023437499994], [47.32978515625001, 32.455517578125], [47.37128906250001, 32.423730468749994], [47.41816406250001, 32.340087890625], [47.51191406250001, 32.150830078125], [47.59150390625001, 32.08798828125], [47.71455078125001, 31.936425781249994], [47.82998046875002, 31.79443359375], [47.75390625, 31.601367187499996], [47.67949218750002, 31.400585937499997], [47.67949218750002, 31.141503906249994], [47.67949218750002, 31.002392578124997], [47.83632812500002, 30.996435546875], [48.01064453125002, 30.989794921874996], [48.01201171875002, 30.823632812499994], [48.01347656250002, 30.656445312499997], [48.01494140625002, 30.465625], [48.06611328125001, 30.457666015624994], [48.147558593750006, 30.416845703125], [48.18242187500002, 30.355029296874996], [48.226171875, 30.321337890624996], [48.27890625, 30.315820312499994], [48.3310546875, 30.285449218749996], [48.38261718750002, 30.230175781249997], [48.4013671875, 30.188330078125], [48.38759765625002, 30.159863281249997], [48.39863281250001, 30.109619140625], [48.4345703125, 30.03759765625], [48.478515625, 30.003808593749994], [48.546484375, 29.962353515624997], [48.454199218750006, 29.9384765625], [48.354589843750006, 29.956738281249997], [48.141699218750006, 30.040917968749994], [48.07275390625, 30.043212890625], [47.982519531250006, 30.011328125], [47.97871093750001, 29.9828125], [47.75390625, 30.076611328124997], [47.67275390625002, 30.095605468749994], [47.64375, 30.097314453124994], [47.51484375000001, 30.096484375], [47.33134765625002, 30.0796875], [47.223242187500006, 30.04150390625], [47.14824218750002, 30.0009765625], [47.114355468750006, 29.961328125], [47.10205078125, 29.939990234374996], [47.04365234375001, 29.822998046875], [46.97597656250002, 29.6728515625], [46.905859375, 29.5375], [46.76933593750002, 29.347460937499996], [46.69375, 29.259667968749994], [46.53144531250001, 29.096240234374996], [46.3564453125, 29.063671875], [45.94970703125, 29.095849609374994], [45.49892578125002, 29.131542968749997], [45.05029296875, 29.16708984375], [44.71650390625001, 29.193603515625], [44.69082031250002, 29.20234375], [44.36074218750002, 29.435253906249997], [44.099609375, 29.619335937499997], [43.77373046875002, 29.84921875], [43.44082031250002, 30.083984375], [43.103125, 30.322216796874997], [42.85771484375002, 30.49521484375], [42.55976562500001, 30.7177734375], [42.28857421875, 30.92041015625], [42.07441406250001, 31.080371093749996], [41.79970703125002, 31.220361328124994], [41.585058593750006, 31.329736328124994], [41.2724609375, 31.489013671875], [41.0224609375, 31.616357421874994], [40.80839843750002, 31.725439453125], [40.47890625000002, 31.893359375], [40.36933593750001, 31.93896484375], [40.02783203125, 31.995019531249994], [39.7041015625, 32.042529296874996], [39.36865234375, 32.091748046875], [39.14541015625002, 32.12451171875], [39.29277343750002, 32.24384765625], [39.24746093750002, 32.350976562499994], [39.14003906250002, 32.331201171874994], [39.04140625000002, 32.3056640625], [38.98164062500001, 32.472558593749994], [39.05781250000001, 32.4931640625], [38.987402343750006, 32.710693359375], [38.91484375000002, 32.93466796875], [38.84501953125002, 33.15087890625], [38.773535156250006, 33.372216796874994], [39.056738281250006, 33.514013671875], [39.26835937500002, 33.620019531249994], [39.564453125, 33.768359375], [39.85, 33.911376953125], [40.12197265625002, 34.04765625], [40.421484375, 34.19775390625], [40.689453125, 34.33203125], [40.93505859375, 34.386572265625], [40.98701171875001, 34.429052734375], [41.09902343750002, 34.6123046875], [41.19472656250002, 34.768994140625], [41.19921875, 34.805322265624994], [41.19960937500002, 35.027392578124996], [41.21640625, 35.28818359375], [41.24833984375002, 35.427490234375], [41.303320312500006, 35.550634765625], [41.354101562500006, 35.640429687499996], [41.359375, 35.724609375], [41.352636718750006, 35.809960937499994], [41.30019531250002, 35.93896484375], [41.24560546875, 36.073388671874994], [41.25175781250002, 36.203027343749994], [41.261816406250006, 36.2724609375], [41.295996093750006, 36.383349609374996], [41.35419921875001, 36.464404296874996], [41.41679687500002, 36.5146484375], [41.65019531250002, 36.56640625], [41.78857421875, 36.59716796875], [41.97402343750002, 36.7408203125], [42.083984375, 36.826025390625], [42.2373046875, 36.9611328125], [42.35009765625, 37.060595703124996], [42.35908203125001, 37.095019531249996], [42.358984375, 37.10859375]]]}}, {"type": "Feature", "properties": {"iso_a2": "IR", "iso_a3": "IRN", "continent": "Asia", "region_un": "Asia", "subregion": "Southern Asia", "region_wb": "Middle East & North Africa", "name_en": "Iran", "name_fr": "Iran", "Location ID": "108", "Sub Region M49 ID": "34", "Region M49 ID": "142", "Location Type": "country", "Gac Code": null, "Region Brian": "991", "Sub Region Brian": "996", "Region Name": "Asia", "Sub Region Name": "Southern Asia", "Region Name Brian": "Middle East", "Sub Region Name Brian": "Middle East"}, "geometry": {"type": "MultiPolygon", "coordinates": [[[[56.18798828125, 26.921142578125], [56.09492187500001, 26.801171875], [55.95429687500001, 26.701123046874997], [55.894140625, 26.732275390625], [55.84765625, 26.730810546875], [55.74726562500001, 26.69248046875], [55.67460937500002, 26.685839843749996], [55.54316406250001, 26.617529296875], [55.42373046875002, 26.58310546875], [55.340429687500006, 26.585742187499996], [55.3115234375, 26.592626953125], [55.295019531250006, 26.639208984374996], [55.296484375, 26.657568359375], [55.34697265625002, 26.64794921875], [55.53173828125, 26.710009765624996], [55.76259765625002, 26.811962890624997], [55.78457031250002, 26.857177734375], [55.74746093750002, 26.930957031249996], [55.75761718750002, 26.94765625], [55.90712890625002, 26.909814453124994], [56.07412109375002, 26.983349609374997], [56.213964843750006, 27.003271484375], [56.279394531250006, 26.952099609374997], [56.18798828125, 26.921142578125]]], [[[53.914160156250006, 37.343554687499996], [54.19160156250001, 37.332470703125], [54.2998046875, 37.35361328125], [54.45869140625001, 37.407568359375], [54.57890625000002, 37.440234375], [54.6396484375, 37.444726562499994], [54.69941406250001, 37.470166015625], [54.745214843750006, 37.501904296875], [54.8486328125, 37.72265625], [54.90009765625001, 37.7779296875], [55.07558593750002, 37.902490234374994], [55.224707031250006, 37.981347656249994], [55.380859375, 38.051123046875], [55.57841796875002, 38.099755859374994], [55.84130859375, 38.094628906249994], [56.05029296875, 38.077539062499994], [56.17119140625002, 38.078369140625], [56.22880859375002, 38.073388671874994], [56.272070312500006, 38.080419921875], [56.296972656250006, 38.09482421875], [56.32412109375002, 38.19111328125], [56.36689453125001, 38.222509765625], [56.440625, 38.249414062499994], [56.544042968750006, 38.249609375], [56.669921875, 38.256640625], [56.77460937500001, 38.250048828124996], [56.90664062500002, 38.213037109374994], [57.07900390625002, 38.2099609375], [57.19355468750001, 38.21640625], [57.26015625000002, 38.179589843749994], [57.30810546875, 38.13037109375], [57.33144531250002, 38.089306640625], [57.33671875000002, 38.03291015625], [57.33574218750002, 37.98994140625], [57.35371093750001, 37.97333984375], [57.423828125, 37.947705078125], [57.52099609375, 37.928466796875], [57.710546875, 37.9052734375], [57.88818359375, 37.86083984375], [57.980566406250006, 37.83046875], [58.10878906250002, 37.783056640625], [58.26162109375002, 37.665820312499996], [58.31816406250002, 37.647216796875], [58.38671875, 37.6353515625], [58.43574218750001, 37.638525390625], [58.55048828125001, 37.68818359375], [58.65019531250002, 37.6515625], [58.70078125, 37.65625], [58.8154296875, 37.683496093749994], [58.93720703125001, 37.649658203125], [59.240820312500006, 37.520751953125], [59.27412109375001, 37.523730468749996], [59.3017578125, 37.510644531249994], [59.32695312500002, 37.48115234375], [59.3447265625, 37.444726562499994], [59.36738281250001, 37.333740234375], [59.45498046875002, 37.252832031249994], [59.56220703125001, 37.17890625], [59.68720703125001, 37.138476562499996], [59.94863281250002, 37.0416015625], [60.06279296875002, 36.962890625], [60.178320312500006, 36.829443359375], [60.32070312500002, 36.653564453125], [60.34130859375, 36.637646484375], [60.70791015625002, 36.64296875], [61.11962890625, 36.642578125], [61.169921875, 36.572265625], [61.16035156250001, 36.43271484375], [61.17509765625002, 36.289697265624994], [61.212011718750006, 36.19052734375], [61.21240234375, 36.09912109375], [61.1826171875, 36.05283203125], [61.15947265625002, 35.999902343749994], [61.152929687500006, 35.9767578125], [61.20585937500002, 35.943701171875], [61.25214843750001, 35.867626953125], [61.25869140625002, 35.76181640625], [61.23554687500001, 35.70556640625], [61.238867187500006, 35.65927734375], [61.26201171875002, 35.619580078125], [61.281835937500006, 35.55341796875], [61.27851562500001, 35.51376953125], [61.24550781250002, 35.474072265625], [61.225683593750006, 35.424462890624994], [61.19921875, 35.361621093749996], [61.18925781250002, 35.31201171875], [61.1396484375, 35.288867187499996], [61.1, 35.272314453125], [61.10664062500001, 35.20947265625], [61.12646484375, 35.156542968749996], [61.14960937500001, 35.09375], [61.123144531250006, 35.050732421875], [61.10664062500001, 35.001123046874994], [61.07021484375002, 34.921728515625], [61.080078125, 34.855615234374994], [61.04042968750002, 34.799365234374996], [60.990820312500006, 34.749755859375], [60.95781250000002, 34.71005859375], [60.951171875, 34.653857421874996], [60.91474609375001, 34.633984375], [60.8453125, 34.587695312499996], [60.80234375, 34.554638671875], [60.73945312500001, 34.544726562499996], [60.72626953125001, 34.51826171875], [60.73613281250002, 34.491796875], [60.76259765625002, 34.475244140624994], [60.80390625000001, 34.418017578124996], [60.88945312500002, 34.31943359375], [60.642675781250006, 34.307177734374996], [60.57021484375002, 34.219628906249994], [60.48574218750002, 34.094775390624996], [60.52705078125001, 33.8419921875], [60.4859375, 33.7119140625], [60.510839843750006, 33.638916015625], [60.573828125, 33.588330078125], [60.65458984375002, 33.560400390625], [60.80644531250002, 33.55869140625], [60.90693359375001, 33.538964843749994], [60.9169921875, 33.505224609375], [60.85927734375002, 33.45625], [60.76689453125002, 33.363818359374996], [60.71806640625002, 33.323535156249996], [60.560546875, 33.137841796874994], [60.56191406250002, 33.0587890625], [60.57656250000002, 32.994873046875], [60.64453125, 32.794384765625], [60.71044921875, 32.6], [60.82929687500001, 32.249414062499994], [60.827246093750006, 32.16796875], [60.78994140625002, 31.987109375], [60.7875, 31.877197265625], [60.804296875, 31.73447265625], [60.791601562500006, 31.660595703124997], [60.82070312500002, 31.495166015624996], [60.854101562500006, 31.483251953125], [61.11074218750002, 31.451123046874997], [61.34648437500002, 31.421630859375], [61.66015625, 31.382421875], [61.75507812500001, 31.285302734374994], [61.81425781250002, 31.072558593749996], [61.81083984375002, 30.91328125], [61.7841796875, 30.831933593749994], [61.55947265625002, 30.599365234375], [61.331640625, 30.363720703124997], [61.104101562500006, 30.12841796875], [60.843359375, 29.858691406249996], [61.0341796875, 29.663427734375], [61.15214843750002, 29.542724609375], [61.318359375, 29.372607421874996], [61.339453125, 29.331787109375], [61.337890625, 29.264990234375], [61.50859375000002, 29.006054687499997], [61.56875, 28.870898437499996], [61.623046875, 28.7916015625], [61.75800781250001, 28.667675781249997], [61.88984375000001, 28.546533203124994], [62.03300781250002, 28.491015625], [62.13056640625001, 28.478808593749996], [62.35302734375, 28.414746093749997], [62.43388671875002, 28.3638671875], [62.564550781250006, 28.23515625], [62.71757812500002, 28.252783203125], [62.74941406250002, 28.252880859374997], [62.75800781250001, 28.243554687499994], [62.7625, 28.202050781249994], [62.73974609375, 28.00205078125], [62.782324218750006, 27.800537109375], [62.81201171875, 27.497021484374997], [62.800878906250006, 27.44453125], [62.764257812500006, 27.356738281249996], [62.7625, 27.300195312499994], [62.75273437500002, 27.265625], [62.76298828125002, 27.250195312499997], [62.811621093750006, 27.229443359374997], [62.91542968750002, 27.218408203124994], [63.16679687500002, 27.252490234374996], [63.19609375000002, 27.243945312499996], [63.25625, 27.207910156249994], [63.30156250000002, 27.15146484375], [63.30517578125, 27.124560546874996], [63.24208984375002, 27.077685546874996], [63.2314453125, 26.99814453125], [63.25039062500002, 26.879248046875], [63.24160156250002, 26.86474609375], [63.186132812500006, 26.837597656249997], [63.168066406250006, 26.665576171874996], [63.1578125, 26.649755859375], [63.09296875000001, 26.63232421875], [62.78662109375, 26.643896484375], [62.7515625, 26.63916015625], [62.63642578125001, 26.593652343749994], [62.43925781250002, 26.56103515625], [62.38505859375002, 26.542626953124994], [62.31230468750002, 26.490869140624994], [62.25966796875002, 26.427490234375], [62.249609375, 26.36923828125], [62.239355468750006, 26.35703125], [62.1259765625, 26.368994140625], [62.08906250000001, 26.318261718749994], [61.86982421875001, 26.242431640625], [61.842382812500006, 26.225927734375], [61.80996093750002, 26.165283203125], [61.78076171875, 25.995849609375], [61.75439453125, 25.843359375], [61.73769531250002, 25.82109375], [61.66865234375001, 25.768994140624997], [61.66181640625001, 25.751269531250003], [61.67138671875, 25.6923828125], [61.64013671875, 25.584619140624994], [61.61542968750001, 25.2861328125], [61.587890625, 25.20234375], [61.53310546875002, 25.195507812499997], [61.490332031250006, 25.15366210937499], [61.412207031250006, 25.102099609375003], [61.24296875000002, 25.141992187499994], [61.10859375000001, 25.183886718750003], [60.66386718750002, 25.2822265625], [60.61513671875002, 25.329833984375], [60.5875, 25.413525390624997], [60.51054687500002, 25.437060546875003], [60.40019531250002, 25.311572265625003], [60.02470703125002, 25.38413085937499], [59.897070312500006, 25.36181640625], [59.818359375, 25.40087890625], [59.61601562500002, 25.403271484374997], [59.4560546875, 25.481494140625003], [59.22724609375001, 25.427734375], [59.04609375000001, 25.417285156250003], [58.7978515625, 25.554589843749994], [58.530859375, 25.592431640624994], [58.31425781250002, 25.580859375], [58.20292968750002, 25.591601562500003], [58.02236328125002, 25.640820312499997], [57.936621093750006, 25.691650390625], [57.79609375000001, 25.653027343749997], [57.732519531250006, 25.724902343750003], [57.334570312500006, 25.791552734375003], [57.26093750000001, 25.918847656249994], [57.20556640625, 26.03720703125], [57.20136718750001, 26.158837890624994], [57.10429687500002, 26.371435546875], [57.07197265625001, 26.680078125], [57.03603515625002, 26.800683593749994], [56.98222656250002, 26.90546875], [56.91044921875002, 26.994580078124997], [56.81289062500002, 27.089990234374994], [56.728125, 27.127685546875], [56.35615234375001, 27.200244140624996], [56.284375, 27.190625], [56.11806640625002, 27.143115234374996], [55.94111328125001, 27.03759765625], [55.65029296875002, 26.9775390625], [55.59160156250002, 26.93212890625], [55.5185546875, 26.829931640625], [55.42402343750001, 26.770556640624996], [55.29414062500001, 26.7859375], [55.15458984375002, 26.725390625], [54.89580078125002, 26.556689453124996], [54.75927734375, 26.505078125], [54.64492187500002, 26.508935546874994], [54.522070312500006, 26.589160156249996], [54.2470703125, 26.696630859375], [54.0693359375, 26.732373046874997], [53.82255859375002, 26.707714843749997], [53.70576171875001, 26.7255859375], [53.50712890625002, 26.851757812499997], [53.45498046875002, 26.943261718749994], [53.34169921875002, 27.0044921875], [52.982519531250006, 27.141943359375], [52.69160156250001, 27.323388671874994], [52.63818359375, 27.391992187499994], [52.602636718750006, 27.493359375], [52.47587890625002, 27.616503906249996], [52.19189453125, 27.71728515625], [52.03076171875, 27.824414062499997], [51.84199218750001, 27.8482421875], [51.66630859375002, 27.844970703125], [51.58906250000001, 27.864208984374997], [51.5185546875, 27.910009765625], [51.27890625, 28.13134765625], [51.27607421875001, 28.21884765625], [51.12841796875, 28.43515625], [51.093847656250006, 28.512109375], [51.06201171875, 28.726123046874996], [51.02119140625001, 28.782080078125], [50.86699218750002, 28.870166015624996], [50.84296875000001, 28.92783203125], [50.87578125000002, 29.00439453125], [50.87578125000002, 29.062695312499997], [50.795507812500006, 29.117431640625], [50.67519531250002, 29.14658203125], [50.64609375, 29.212207031249996], [50.66796875, 29.33984375], [50.64960937500001, 29.420068359374994], [50.543554687500006, 29.547998046874994], [50.38691406250001, 29.679052734375], [50.23017578125001, 29.872900390625], [50.1689453125, 29.921240234375], [50.12890625, 30.048095703125], [50.07158203125002, 30.198535156249996], [49.98310546875001, 30.209375], [49.55488281250001, 30.028955078124994], [49.42998046875002, 30.13046875], [49.054296875, 30.306933593749996], [49.028125, 30.333447265624997], [49.001953125, 30.373925781249994], [49.04902343750001, 30.397265625], [49.09619140625, 30.406787109374996], [49.19033203125002, 30.375390625], [49.24726562500001, 30.4125], [49.22451171875002, 30.472314453124994], [49.13037109375, 30.509423828124994], [49.001953125, 30.506542968749997], [49.037109375, 30.450488281249996], [48.91679687500002, 30.397265625], [48.891210937500006, 30.32763671875], [48.90869140625, 30.241455078125], [48.91914062500001, 30.120898437499996], [48.8701171875, 30.062402343749994], [48.83242187500002, 30.035498046875], [48.6708984375, 30.0283203125], [48.59550781250002, 29.975048828124997], [48.546484375, 29.962353515624997], [48.478515625, 30.003808593749994], [48.4345703125, 30.03759765625], [48.39863281250001, 30.109619140625], [48.38759765625002, 30.159863281249997], [48.4013671875, 30.188330078125], [48.38261718750002, 30.230175781249997], [48.3310546875, 30.285449218749996], [48.27890625, 30.315820312499994], [48.226171875, 30.321337890624996], [48.18242187500002, 30.355029296874996], [48.147558593750006, 30.416845703125], [48.06611328125001, 30.457666015624994], [48.01494140625002, 30.465625], [48.01347656250002, 30.656445312499997], [48.01201171875002, 30.823632812499994], [48.01064453125002, 30.989794921874996], [47.83632812500002, 30.996435546875], [47.67949218750002, 31.002392578124997], [47.67949218750002, 31.141503906249994], [47.67949218750002, 31.400585937499997], [47.75390625, 31.601367187499996], [47.82998046875002, 31.79443359375], [47.71455078125001, 31.936425781249994], [47.59150390625001, 32.08798828125], [47.51191406250001, 32.150830078125], [47.41816406250001, 32.340087890625], [47.37128906250001, 32.423730468749994], [47.32978515625001, 32.455517578125], [47.28515625, 32.474023437499994], [47.12138671875002, 32.466601562499996], [46.96855468750002, 32.568408203124996], [46.7890625, 32.68798828125], [46.569921875, 32.833935546875], [46.377050781250006, 32.929248046874996], [46.29824218750002, 32.950244140624996], [46.11279296875, 32.957666015624994], [46.09306640625002, 32.975878906249996], [46.08046875000002, 33.028222656249994], [46.08076171875001, 33.0865234375], [46.14111328125, 33.1744140625], [46.14589843750002, 33.229638671874994], [46.01992187500002, 33.41572265625], [45.981054687500006, 33.470117187499994], [45.87324218750001, 33.491992187499996], [45.89472656250001, 33.545654296875], [45.89472656250001, 33.58154296875], [45.87939453125, 33.609765625], [45.8544921875, 33.623339843749996], [45.822851562500006, 33.624804687499996], [45.73828125, 33.602832031249996], [45.67373046875002, 33.686669921874994], [45.473242187500006, 33.92548828125], [45.40898437500002, 33.954492187499994], [45.397070312500006, 33.970849609374994], [45.44609375000002, 34.04404296875], [45.52861328125002, 34.1525390625], [45.54277343750002, 34.21552734375], [45.52685546875, 34.28466796875], [45.437597656250006, 34.41513671875], [45.459375, 34.470361328124994], [45.49775390625001, 34.53388671875], [45.50078125000002, 34.581591796874996], [45.56083984375002, 34.574511718749996], [45.6375, 34.573828125], [45.66152343750002, 34.612695312499994], [45.66005859375002, 34.748779296875], [45.678125, 34.7984375], [45.9208984375, 35.028515625], [46.04179687500002, 35.08017578125], [46.1337890625, 35.12763671875], [46.15468750000002, 35.196728515625], [46.1357421875, 35.232275390625], [46.117773437500006, 35.28427734375], [46.11210937500002, 35.321679687499994], [46.01064453125002, 35.4248046875], [45.97539062500002, 35.476806640625], [45.97109375000002, 35.524169921875], [45.99501953125002, 35.60810546875], [46.03740234375002, 35.673144531249996], [46.18095703125002, 35.711376953125], [46.2625, 35.744140625], [46.2734375, 35.773242187499996], [46.16748046875, 35.820556640625], [45.94140625, 35.835400390625], [45.7763671875, 35.821826171874996], [45.72343750000002, 35.836669921875], [45.64501953125, 35.928369140624994], [45.561621093750006, 35.977197265624994], [45.48378906250002, 36.008544921875], [45.40771484375, 36.002783203125], [45.36162109375002, 36.01533203125], [45.35087890625002, 36.054638671875], [45.24111328125002, 36.35595703125], [45.20654296875, 36.39716796875], [45.1552734375, 36.407373046874994], [45.112402343750006, 36.40927734375], [45.08378906250002, 36.430029296875], [45.053125, 36.471630859375], [45.03105468750002, 36.52607421875], [45.029394531250006, 36.597558593749994], [45.03398437500002, 36.65888671875], [45.01923828125001, 36.698388671874994], [44.9814453125, 36.737695312499994], [44.927832031250006, 36.765917968749996], [44.880859375, 36.79931640625], [44.7984375, 37.063867187499994], [44.76542968750002, 37.135009765625], [44.76513671875, 37.142431640625], [44.766699218750006, 37.15634765625], [44.75830078125, 37.217089843749996], [44.79677734375002, 37.269775390625], [44.79414062500001, 37.290380859375], [44.71513671875002, 37.35712890625], [44.604101562500006, 37.423730468749994], [44.57402343750002, 37.435400390625], [44.57314453125002, 37.506396484374996], [44.5771484375, 37.560205078124994], [44.56718750000002, 37.608642578125], [44.54609375000001, 37.636328125], [44.54531250000002, 37.658154296875], [44.589941406250006, 37.710351562499994], [44.56123046875001, 37.74462890625], [44.39775390625002, 37.829248046874994], [44.33623046875002, 37.87177734375], [44.22294921875002, 37.880175781249996], [44.21132812500002, 37.908056640625], [44.22890625000002, 37.9671875], [44.26796875000002, 38.038818359375], [44.32939453125002, 38.109277343749994], [44.34892578125002, 38.146484375], [44.37275390625001, 38.209716796875], [44.380859375, 38.25458984375], [44.44960937500002, 38.317773437499994], [44.44990234375001, 38.334228515625], [44.43085937500001, 38.356787109375], [44.37578125000002, 38.369580078125], [44.31962890625002, 38.37470703125], [44.29853515625001, 38.386279296874996], [44.29082031250002, 38.4201171875], [44.2978515625, 38.5578125], [44.28017578125002, 38.640673828124996], [44.25703125000001, 38.700634765625], [44.27167968750001, 38.83603515625], [44.232421875, 38.863232421875], [44.17080078125002, 38.934375], [44.14453125, 38.994384765625], [44.158789062500006, 39.016748046874994], [44.171875, 39.05625], [44.18056640625002, 39.108056640624994], [44.17802734375002, 39.144824218749996], [44.12128906250001, 39.180615234375], [44.0791015625, 39.218310546874996], [44.074316406250006, 39.2599609375], [44.05751953125002, 39.310839843749996], [44.033789062500006, 39.351025390625], [44.02324218750002, 39.37744140625], [44.0439453125, 39.39296875], [44.1240234375, 39.405224609375], [44.24042968750001, 39.396777343749996], [44.33544921875, 39.396044921874996], [44.38935546875001, 39.422119140625], [44.45595703125002, 39.666748046875], [44.516699218750006, 39.73125], [44.58710937500001, 39.7685546875], [44.725, 39.68173828125], [44.78212890625002, 39.65107421875], [44.81718750000002, 39.650439453124996], [44.83818359375002, 39.6291015625], [45.00019531250001, 39.42353515625], [45.07167968750002, 39.362890625], [45.11308593750002, 39.311572265624996], [45.141210937500006, 39.254296875], [45.190625, 39.215625], [45.255957031250006, 39.194677734375], [45.335546875, 39.13916015625], [45.389257812500006, 39.0958984375], [45.47968750000001, 39.00625], [45.575, 38.972802734374994], [45.921875, 38.90791015625], [46.11445312500001, 38.877783203125], [46.17011718750001, 38.869042968749994], [46.31777343750002, 38.912646484374996], [46.490625, 38.906689453125], [46.554785156250006, 38.90439453125], [46.783203125, 39.08740234375], [46.8525390625, 39.1484375], [46.988867187500006, 39.18017578125], [47.0654296875, 39.252880859375], [47.18837890625002, 39.340966796874994], [47.338476562500006, 39.423876953124996], [47.476171875, 39.498339843749996], [47.58183593750002, 39.543359375], [47.77285156250002, 39.648583984374994], [47.89228515625001, 39.68505859375], [47.99589843750002, 39.683935546875], [48.15107421875001, 39.560546875], [48.28173828125, 39.44833984375], [48.32216796875002, 39.399072265624994], [48.25722656250002, 39.35498046875], [48.13603515625002, 39.312353515625], [48.112890625, 39.281103515625], [48.10439453125002, 39.241113281249994], [48.10917968750002, 39.20283203125], [48.12548828125, 39.171630859375], [48.27412109375001, 39.09912109375], [48.291015625, 39.05927734375], [48.292089843750006, 39.018847656249996], [48.27509765625001, 38.993603515625], [48.24199218750002, 38.978955078125], [48.13857421875002, 38.958642578124994], [48.05009765625002, 38.935009765625], [48.01933593750002, 38.91181640625], [47.99267578125, 38.88427734375], [47.99648437500002, 38.853759765625], [48.02324218750002, 38.81904296875], [48.2046875, 38.72412109375], [48.225195312500006, 38.689208984375], [48.261328125, 38.64228515625], [48.30556640625002, 38.6134765625], [48.38125, 38.605615234374994], [48.41738281250002, 38.586230468749996], [48.59267578125002, 38.411083984375], [48.63554687500002, 38.398730468749996], [48.84033203125, 38.437255859375], [48.86875, 38.435498046875], [48.870703125, 38.392529296875], [48.9013671875, 38.14365234375], [48.92509765625002, 38.01513671875], [48.9599609375, 37.89013671875], [49.01533203125001, 37.77607421875], [49.08095703125002, 37.667578125], [49.17119140625002, 37.6005859375], [49.37246093750002, 37.519970703125], [49.47011718750002, 37.4966796875], [49.72695312500002, 37.480517578124996], [49.98066406250001, 37.444873046874996], [50.13046875, 37.407128906249994], [50.17626953125, 37.380517578124994], [50.21406250000001, 37.339599609375], [50.337890625, 37.149169921875], [50.533203125, 37.013671875], [50.92744140625001, 36.810205078124994], [51.11855468750002, 36.742578125], [51.76201171875002, 36.614501953125], [52.19013671875001, 36.621728515624994], [53.374121093750006, 36.86875], [53.767675781250006, 36.930322265624994], [53.91542968750002, 36.930322265624994], [53.82744140625002, 36.881201171875], [53.67949218750002, 36.853125], [53.76875, 36.81845703125], [53.90625, 36.8126953125], [53.97011718750002, 36.818310546875], [54.016210937500006, 36.849658203124996], [54.02382812500002, 36.901318359375], [54.0171875, 36.952490234375], [53.95195312500002, 37.18173828125], [53.914160156250006, 37.343554687499996]]]]}}, {"type": "Feature", "properties": {"iso_a2": "QA", "iso_a3": "QAT", "continent": "Asia", "region_un": "Asia", "subregion": "Western Asia", "region_wb": "Middle East & North Africa", "name_en": "Qatar", "name_fr": "Qatar", "Location ID": "187", "Sub Region M49 ID": "145", "Region M49 ID": "142", "Location Type": "country", "Gac Code": null, "Region Brian": "1", "Sub Region Brian": "999", "Region Name": "Asia", "Sub Region Name": "Western Asia", "Region Name Brian": "Other", "Sub Region Name Brian": "Other"}, "geometry": {"type": "Polygon", "coordinates": [[[51.26796875000002, 24.607226562500003], [51.17802734375002, 24.58671875], [51.093359375, 24.564648437499997], [51.02275390625002, 24.565234375], [50.96601562500001, 24.573925781249997], [50.928320312500006, 24.595117187499994], [50.85566406250001, 24.679638671874997], [50.80439453125001, 24.789257812499997], [50.8359375, 24.850390625], [50.846777343750006, 24.888574218749994], [50.77734375, 25.177441406249997], [50.75458984375001, 25.39926757812499], [50.76289062500001, 25.444726562499994], [50.80263671875002, 25.4970703125], [50.86865234375, 25.612695312499994], [50.90380859375, 25.724072265624997], [51.003125, 25.9814453125], [51.10810546875001, 26.08056640625], [51.262304687500006, 26.153271484374997], [51.38906250000002, 26.011132812499994], [51.543066406250006, 25.902392578125003], [51.572265625, 25.781005859375], [51.526953125, 25.68212890625], [51.4853515625, 25.524707031250003], [51.51025390625, 25.45234375], [51.51953125, 25.38974609374999], [51.56142578125002, 25.284472656250003], [51.60195312500002, 25.14794921875], [51.60888671875, 25.052880859374994], [51.5869140625, 24.96484375], [51.53339843750001, 24.890869140625], [51.42792968750001, 24.668261718750003], [51.396484375, 24.64511718749999], [51.26796875000002, 24.607226562500003]]]}}, {"type": "Feature", "properties": {"iso_a2": "SA", "iso_a3": "SAU", "continent": "Asia", "region_un": "Asia", "subregion": "Western Asia", "region_wb": "Middle East & North Africa", "name_en": "Saudi Arabia", "name_fr": "Arabie saoudite", "Location ID": "193", "Sub Region M49 ID": "145", "Region M49 ID": "142", "Location Type": "country", "Gac Code": null, "Region Brian": "1", "Sub Region Brian": "999", "Region Name": "Asia", "Sub Region Name": "Western Asia", "Region Name Brian": "Other", "Sub Region Name Brian": "Other"}, "geometry": {"type": "MultiPolygon", "coordinates": [[[[36.90166015625002, 25.383056640625], [36.87519531250001, 25.383056640625], [36.80507812500002, 25.450732421875003], [36.76386718750001, 25.50058593749999], [36.72207031250002, 25.53403320312499], [36.5302734375, 25.6015625], [36.50429687500002, 25.64511718749999], [36.53359375000002, 25.688720703125], [36.55410156250002, 25.64536132812499], [36.58876953125002, 25.619824218749997], [36.74755859375, 25.558740234374994], [36.924414062500006, 25.425537109375], [36.95478515625001, 25.41464843749999], [36.90166015625002, 25.383056640625]]], [[[41.98769531250002, 16.715625], [42.065039062500006, 16.71005859374999], [42.033203125, 16.741943359375], [42.0263671875, 16.75766601562499], [42.05996093750002, 16.803515625], [42.17041015625, 16.708642578124994], [42.16718750000001, 16.596386718749997], [42.1578125, 16.570703125], [42.12773437500002, 16.59482421874999], [42.1083984375, 16.618457031250003], [42.10234375000002, 16.643945312499994], [42.07177734375, 16.671484375], [41.96416015625002, 16.653466796874994], [41.89726562500002, 16.684277343749997], [41.80156250000002, 16.778759765624997], [41.77607421875001, 16.846875], [41.81611328125001, 16.86015625], [41.85820312500002, 16.89291992187499], [41.88496093750001, 16.946826171875003], [41.860449218750006, 17.00253906249999], [41.91728515625002, 16.99365234375], [41.94794921875001, 16.936425781249994], [41.95390625000002, 16.80625], [41.9625, 16.77866210937499], [41.94667968750002, 16.748925781249994], [41.98769531250002, 16.715625]]], [[[51.977636718750006, 18.996142578125003], [51.74296875000002, 18.964550781249997], [51.51494140625002, 18.933886718750003], [51.258398437500006, 18.899365234374997], [50.95, 18.857861328124997], [50.70820312500001, 18.82529296874999], [50.35527343750002, 18.777783203124997], [50.03896484375002, 18.735253906249994], [49.74208984375002, 18.6953125], [49.44511718750002, 18.655322265625003], [49.1923828125, 18.621337890625], [49.0419921875, 18.581787109375], [48.86484375, 18.49521484374999], [48.59296875000001, 18.36240234374999], [48.31582031250002, 18.22705078125], [48.17216796875002, 18.156933593749997], [48.02167968750001, 17.976953125], [47.94550781250001, 17.88583984374999], [47.80781250000001, 17.72109375], [47.703710937500006, 17.596826171874994], [47.57958984375, 17.44833984374999], [47.525390625, 17.316113281249997], [47.44179687500002, 17.111865234375003], [47.36962890625, 17.06040039062499], [47.25126953125002, 16.993945312500003], [47.1435546875, 16.946679687499994], [46.975683593750006, 16.95346679687499], [46.879980468750006, 17.079003906249994], [46.77851562500001, 17.212109375], [46.727636718750006, 17.265576171874997], [46.68203125000002, 17.2685546875], [46.51347656250002, 17.251660156249997], [46.31035156250002, 17.23129882812499], [46.07080078125, 17.253173828125], [45.79443359375, 17.27841796874999], [45.53535156250001, 17.302050781250003], [45.40654296875002, 17.319775390624997], [45.23662109375002, 17.406201171874997], [45.19277343750002, 17.423388671875003], [45.148046875, 17.427441406249997], [44.94648437500001, 17.429589843749994], [44.74677734375001, 17.431689453125003], [44.546484375, 17.404345703125003], [44.35468750000001, 17.414355468750003], [44.15595703125001, 17.39853515624999], [44.0859375, 17.365527343750003], [44.00820312500002, 17.367480468750003], [43.95966796875001, 17.338330078124997], [43.9169921875, 17.32470703125], [43.86640625000001, 17.349609375], [43.804296875, 17.344140625], [43.712988281250006, 17.365527343750003], [43.653417968750006, 17.421875], [43.597265625, 17.471435546875], [43.53925781250001, 17.498730468749997], [43.47421875, 17.515917968750003], [43.41796875, 17.516259765624994], [43.34609375000002, 17.486035156249997], [43.30214843750002, 17.456787109375], [43.19091796875, 17.359375], [43.18632812500002, 17.32470703125], [43.236914062500006, 17.26645507812499], [43.22138671875001, 17.2392578125], [43.15595703125001, 17.205029296874997], [43.13593750000001, 17.112988281249997], [43.12617187500001, 17.062451171874997], [43.11650390625002, 16.94199218749999], [43.145605468750006, 16.84677734374999], [43.18447265625002, 16.811816406250003], [43.18632812500002, 16.77099609375], [43.1650390625, 16.689404296874997], [43.10478515625002, 16.66416015624999], [43.06074218750001, 16.586621093749997], [43.03359375000002, 16.550390625], [42.986328125, 16.509082031250003], [42.79931640625, 16.371777343749997], [42.78984375000002, 16.4515625], [42.73066406250001, 16.56982421875], [42.72636718750002, 16.6533203125], [42.698828125, 16.736962890624994], [42.6474609375, 16.80136718749999], [42.55292968750001, 16.868457031250003], [42.54414062500001, 16.959667968749997], [42.475, 17.049853515625003], [42.38330078125, 17.122460937499994], [42.33242187500002, 17.256640625], [42.2939453125, 17.434960937499994], [42.05224609375, 17.669335937499994], [41.75, 17.8857421875], [41.65800781250002, 18.00766601562499], [41.50761718750002, 18.256103515625], [41.431738281250006, 18.452441406250003], [41.2294921875, 18.678417968749997], [41.220800781250006, 18.765234375], [41.19082031250002, 18.87119140624999], [41.144140625, 18.9890625], [41.11601562500002, 19.082177734374994], [40.91328125000001, 19.490136718749994], [40.84785156250001, 19.55527343749999], [40.791601562500006, 19.646386718749994], [40.77705078125001, 19.71689453124999], [40.75917968750002, 19.75546875], [40.61591796875001, 19.82236328124999], [40.48222656250002, 19.993457031250003], [40.080664062500006, 20.265917968750003], [39.88408203125002, 20.29296875], [39.72832031250002, 20.390332031249997], [39.61367187500002, 20.51767578124999], [39.4912109375, 20.737011718749997], [39.27607421875001, 20.97397460937499], [39.09355468750002, 21.310351562500003], [39.15068359375002, 21.432763671874994], [39.147070312500006, 21.518994140624997], [39.09101562500001, 21.663964843749994], [39.02978515625, 21.77597656249999], [38.987890625, 21.881738281249994], [39.02119140625001, 22.033447265625], [39.03398437500002, 22.203369140625], [39.069921875, 22.293652343749997], [39.09589843750001, 22.392773437499997], [39.06201171875, 22.5921875], [39.00136718750002, 22.698974609375], [39.007421875, 22.770068359375003], [38.93876953125002, 22.80478515624999], [38.882910156250006, 22.88203125], [38.94111328125001, 22.8818359375], [38.835546875, 22.9890625], [38.796875, 23.048583984375], [38.75703125000001, 23.194287109374997], [38.7060546875, 23.30551757812499], [38.54228515625002, 23.557910156250003], [38.46416015625002, 23.711865234374997], [38.28886718750002, 23.91098632812499], [38.0986328125, 24.058007812499994], [37.97783203125002, 24.124560546875003], [37.91972656250002, 24.18540039062499], [37.82099609375001, 24.1875], [37.71337890625, 24.2744140625], [37.63818359375, 24.277734375], [37.543066406250006, 24.291650390624994], [37.43095703125002, 24.459033203125003], [37.338476562500006, 24.61582031249999], [37.18085937500001, 24.820019531249997], [37.22041015625001, 24.873339843750003], [37.26630859375001, 24.96005859374999], [37.24345703125002, 25.0734375], [37.218359375, 25.150683593750003], [37.14882812500002, 25.29111328124999], [36.92070312500002, 25.641162109375003], [36.86015625000002, 25.69248046874999], [36.7626953125, 25.75131835937499], [36.70253906250002, 25.902880859375003], [36.67519531250002, 26.038867187499996], [36.51875, 26.104882812499994], [36.249609375, 26.594775390624996], [36.09375, 26.765820312499997], [36.03203125000002, 26.881005859374994], [35.851660156250006, 27.070458984374994], [35.76298828125002, 27.2587890625], [35.58134765625002, 27.432470703125], [35.423828125, 27.733789062499994], [35.18046875000002, 28.034863281249997], [35.07832031250001, 28.08701171875], [34.82753906250002, 28.10859375], [34.72207031250002, 28.130664062499996], [34.625, 28.064501953124996], [34.6162109375, 28.148339843749994], [34.68330078125001, 28.264111328124997], [34.779882812500006, 28.50732421875], [34.79912109375002, 28.720507812499996], [34.95078125, 29.353515625], [35.16376953125001, 29.320947265624994], [35.33916015625002, 29.294091796874994], [35.5953125, 29.2548828125], [35.8603515625, 29.214257812499994], [36.01542968750002, 29.190478515624996], [36.068457031250006, 29.200537109375], [36.2828125, 29.355371093749994], [36.47607421875, 29.4951171875], [36.591796875, 29.66611328125], [36.70390625000002, 29.831640625], [36.75527343750002, 29.866015625], [36.92705078125002, 29.8970703125], [37.19941406250001, 29.9462890625], [37.46923828125, 29.995068359374997], [37.49072265625, 30.01171875], [37.55361328125002, 30.144580078124996], [37.63359375000002, 30.31328125], [37.64990234375, 30.330957031249994], [37.66972656250002, 30.34814453125], [37.862890625, 30.442626953125], [37.980078125, 30.5], [37.81298828125, 30.669287109375], [37.65546875000001, 30.828955078125], [37.47900390625, 31.007763671874997], [37.32949218750002, 31.146826171875], [37.10527343750002, 31.355175781249997], [36.95859375, 31.491503906249996], [37.215625, 31.556103515624997], [37.49335937500001, 31.625878906249994], [37.77382812500002, 31.696337890624996], [38.111425781250006, 31.781152343749994], [38.37548828125, 31.847460937499996], [38.769628906250006, 31.946484375], [38.96230468750002, 31.994921875], [38.9970703125, 32.007470703124994], [39.14541015625002, 32.12451171875], [39.36865234375, 32.091748046875], [39.7041015625, 32.042529296874996], [40.02783203125, 31.995019531249994], [40.36933593750001, 31.93896484375], [40.47890625000002, 31.893359375], [40.80839843750002, 31.725439453125], [41.0224609375, 31.616357421874994], [41.2724609375, 31.489013671875], [41.585058593750006, 31.329736328124994], [41.79970703125002, 31.220361328124994], [42.07441406250001, 31.080371093749996], [42.28857421875, 30.92041015625], [42.55976562500001, 30.7177734375], [42.85771484375002, 30.49521484375], [43.103125, 30.322216796874997], [43.44082031250002, 30.083984375], [43.77373046875002, 29.84921875], [44.099609375, 29.619335937499997], [44.36074218750002, 29.435253906249997], [44.69082031250002, 29.20234375], [44.71650390625001, 29.193603515625], [45.05029296875, 29.16708984375], [45.49892578125002, 29.131542968749997], [45.94970703125, 29.095849609374994], [46.3564453125, 29.063671875], [46.53144531250001, 29.096240234374996], [46.72480468750001, 29.074609375], [46.98222656250002, 29.045654296875], [47.138769531250006, 29.026171875], [47.433203125, 28.989550781249996], [47.52128906250002, 28.837841796874997], [47.55322265625, 28.73154296875], [47.583105468750006, 28.627978515624996], [47.67128906250002, 28.533154296874997], [47.87197265625002, 28.535449218749996], [48.04960937500002, 28.5375], [48.26875, 28.54052734375], [48.442480468750006, 28.542919921874997], [48.49853515625, 28.448876953124994], [48.523046875, 28.355029296874996], [48.62636718750002, 28.132568359375], [48.77373046875002, 27.95908203125], [48.80898437500002, 27.895898437499994], [48.83281250000002, 27.800683593749994], [48.807226562500006, 27.765283203124994], [48.79716796875002, 27.724316406249997], [48.90644531250001, 27.629052734374994], [49.0869140625, 27.548583984375], [49.15751953125002, 27.528222656249994], [49.2375, 27.492724609374996], [49.17509765625002, 27.437646484374994], [49.28154296875002, 27.310498046874997], [49.4052734375, 27.180957031249996], [49.537695312500006, 27.151757812499994], [49.71650390625001, 26.955859375], [49.98613281250002, 26.82890625], [50.14980468750002, 26.662646484374996], [50.13466796875002, 26.659521484375], [50.08662109375001, 26.676416015624994], [50.0263671875, 26.69921875], [50.00810546875002, 26.678515625], [50.011328125, 26.608789062499994], [50.02734375, 26.52685546875], [50.11074218750002, 26.455957031249994], [50.18496093750002, 26.404931640624994], [50.2138671875, 26.308496093749994], [50.15546875000001, 26.100537109374997], [50.13525390625, 26.10068359375], [50.09599609375002, 26.118701171874996], [50.05390625000001, 26.122851562499996], [50.03164062500002, 26.110986328124994], [50.0810546875, 25.961376953124997], [50.13027343750002, 25.846630859374997], [50.18964843750001, 25.755810546874997], [50.23896484375001, 25.622851562500003], [50.28125, 25.566113281249997], [50.455175781250006, 25.4248046875], [50.50849609375001, 25.306689453125003], [50.55791015625002, 25.086669921875], [50.66689453125002, 24.963818359374997], [50.7255859375, 24.869384765625], [50.80439453125001, 24.789257812499997], [50.85566406250001, 24.679638671874997], [50.928320312500006, 24.595117187499994], [50.96601562500001, 24.573925781249997], [51.02275390625002, 24.565234375], [51.093359375, 24.564648437499997], [51.17802734375002, 24.58671875], [51.26796875000002, 24.607226562500003], [51.338476562500006, 24.564355468749994], [51.411230468750006, 24.57080078125], [51.41835937500002, 24.530957031249997], [51.36992187500002, 24.47690429687499], [51.30986328125002, 24.340380859375003], [51.39521484375001, 24.31884765625], [51.47675781250001, 24.308203125], [51.534765625, 24.286328125], [51.568359375, 24.286181640625003], [51.568359375, 24.25791015624999], [51.57216796875002, 24.128320312499994], [51.59257812500002, 24.078857421875], [51.62929687500002, 24.03500976562499], [51.684375, 23.96953125], [51.739355468750006, 23.904003906249997], [51.79433593750002, 23.83847656249999], [51.84941406250002, 23.772998046875003], [51.904394531250006, 23.70751953125], [51.95947265625, 23.641992187499994], [52.01445312500002, 23.576464843750003], [52.069433593750006, 23.510986328125], [52.12451171875, 23.445458984374994], [52.17949218750002, 23.37998046874999], [52.23457031250001, 23.314453125], [52.28955078125, 23.248974609374997], [52.34453125000002, 23.183496093749994], [52.39960937500001, 23.11796875], [52.45458984375, 23.052441406249997], [52.50957031250002, 22.986962890624994], [52.55507812500002, 22.9328125], [52.63916015625, 22.922509765624994], [52.66591796875002, 22.91928710937499], [52.74160156250002, 22.91000976562499], [52.85927734375002, 22.89560546874999], [53.01191406250001, 22.877001953125003], [53.1923828125, 22.854931640624997], [53.39404296875, 22.830322265625], [53.60957031250001, 22.804003906250003], [53.832128906250006, 22.776806640624997], [54.05458984375002, 22.749658203124994], [54.270117187500006, 22.723339843749997], [54.4716796875, 22.69873046875], [54.65224609375002, 22.676660156249994], [54.80488281250001, 22.658007812500003], [54.922460937500006, 22.64365234374999], [54.99824218750001, 22.634375], [55.025, 22.631152343750003], [55.10429687500002, 22.621484375], [55.11943359375002, 22.623925781249994], [55.18583984375002, 22.7041015625], [55.25927734375, 22.59091796874999], [55.32011718750002, 22.49692382812499], [55.40380859375, 22.367822265624994], [55.492773437500006, 22.230664062499997], [55.577734375, 22.099511718749994], [55.64101562500002, 22.001855468749994], [55.607421875, 21.900390625], [55.57080078125, 21.789697265624994], [55.5341796875, 21.679003906250003], [55.49755859375, 21.568310546874997], [55.4609375, 21.45761718749999], [55.42431640625, 21.346923828125], [55.3876953125, 21.236230468749994], [55.35107421875, 21.125537109375003], [55.314453125, 21.014794921874994], [55.277929687500006, 20.904101562500003], [55.2412109375, 20.793408203124997], [55.20458984375, 20.68271484374999], [55.168066406250006, 20.572021484375], [55.131445312500006, 20.461328125], [55.0947265625, 20.350634765625003], [55.058203125, 20.239941406249997], [55.021484375, 20.12924804687499], [54.97734375000002, 19.99594726562499], [54.87109375, 19.960498046875003], [54.69902343750002, 19.903125], [54.52705078125001, 19.84580078124999], [54.35498046875, 19.788476562499994], [54.18300781250002, 19.731152343749997], [54.01093750000001, 19.673828125], [53.8388671875, 19.616503906250003], [53.66689453125002, 19.559130859375003], [53.49482421875001, 19.50180664062499], [53.322851562500006, 19.444482421874994], [53.15078125000002, 19.387158203124997], [52.97871093750001, 19.329785156249997], [52.806738281250006, 19.2724609375], [52.63466796875002, 19.215136718750003], [52.46269531250002, 19.1578125], [52.290625, 19.100488281249994], [52.11855468750002, 19.043164062499997], [51.977636718750006, 18.996142578125003]]], [[[36.59550781250002, 25.712792968749994], [36.58613281250001, 25.69921875], [36.5439453125, 25.734277343749994], [36.546484375, 25.81162109374999], [36.58271484375001, 25.855517578125003], [36.57988281250002, 25.79541015625], [36.59560546875002, 25.73486328125], [36.59550781250002, 25.712792968749994]]]]}}, {"type": "Feature", "properties": {"iso_a2": "KW", "iso_a3": "KWT", "continent": "Asia", "region_un": "Asia", "subregion": "Western Asia", "region_wb": "Middle East & North Africa", "name_en": "Kuwait", "name_fr": "Kowe\u00eft", "Location ID": "123", "Sub Region M49 ID": "145", "Region M49 ID": "142", "Location Type": "country", "Gac Code": null, "Region Brian": "1", "Sub Region Brian": "999", "Region Name": "Asia", "Sub Region Name": "Western Asia", "Region Name Brian": "Other", "Sub Region Name Brian": "Other"}, "geometry": {"type": "MultiPolygon", "coordinates": [[[[48.275390625, 29.624316406249996], [48.21826171875, 29.601953125], [48.1796875, 29.61142578125], [48.142578125, 29.665283203125], [48.08144531250002, 29.79892578125], [48.11474609375, 29.848779296874994], [48.11347656250001, 29.87021484375], [48.1201171875, 29.886328125], [48.13886718750001, 29.89658203125], [48.15859375000002, 29.9595703125], [48.18476562500001, 29.978857421875], [48.22773437500001, 29.936328125], [48.348242187500006, 29.782666015624997], [48.34736328125001, 29.719970703125], [48.34023437500002, 29.694726562499994], [48.275390625, 29.624316406249996]]], [[[48.442480468750006, 28.542919921874997], [48.26875, 28.54052734375], [48.04960937500002, 28.5375], [47.87197265625002, 28.535449218749996], [47.67128906250002, 28.533154296874997], [47.583105468750006, 28.627978515624996], [47.55322265625, 28.73154296875], [47.52128906250002, 28.837841796874997], [47.433203125, 28.989550781249996], [47.138769531250006, 29.026171875], [46.98222656250002, 29.045654296875], [46.72480468750001, 29.074609375], [46.53144531250001, 29.096240234374996], [46.69375, 29.259667968749994], [46.76933593750002, 29.347460937499996], [46.905859375, 29.5375], [46.97597656250002, 29.6728515625], [47.04365234375001, 29.822998046875], [47.10205078125, 29.939990234374996], [47.114355468750006, 29.961328125], [47.14824218750002, 30.0009765625], [47.223242187500006, 30.04150390625], [47.33134765625002, 30.0796875], [47.51484375000001, 30.096484375], [47.64375, 30.097314453124994], [47.67275390625002, 30.095605468749994], [47.75390625, 30.076611328124997], [47.97871093750001, 29.9828125], [47.9736328125, 29.9458984375], [48.00566406250002, 29.835791015625], [48.07734375000001, 29.715576171875], [48.13613281250002, 29.618115234374997], [48.14345703125002, 29.572460937499997], [48.089453125, 29.5791015625], [48.04833984375, 29.597509765625], [47.96962890625002, 29.61669921875], [47.817480468750006, 29.48740234375], [47.72529296875001, 29.416943359374997], [47.72265625, 29.393017578124997], [47.8453125, 29.36572265625], [47.93535156250002, 29.366601562499994], [47.998144531250006, 29.385546875], [48.05146484375001, 29.355371093749994], [48.08632812500002, 29.27548828125], [48.10039062500002, 29.210742187499996], [48.18378906250001, 28.979394531249994], [48.2529296875, 28.901269531249994], [48.33925781250002, 28.76328125], [48.37128906250001, 28.691845703124997], [48.3896484375, 28.631591796875], [48.442480468750006, 28.542919921874997]]]]}}, {"type": "Feature", "properties": {"iso_a2": "JO", "iso_a3": "JOR", "continent": "Asia", "region_un": "Asia", "subregion": "Western Asia", "region_wb": "Middle East & North Africa", "name_en": "Jordan", "name_fr": "Jordanie", "Location ID": "113", "Sub Region M49 ID": "145", "Region M49 ID": "142", "Location Type": "country", "Gac Code": null, "Region Brian": "991", "Sub Region Brian": "996", "Region Name": "Asia", "Sub Region Name": "Western Asia", "Region Name Brian": "Middle East", "Sub Region Name Brian": "Middle East"}, "geometry": {"type": "Polygon", "coordinates": [[[35.78730468750001, 32.734912109374996], [35.89472656250001, 32.713769531249994], [35.95644531250002, 32.66669921875], [36.05947265625002, 32.5337890625], [36.2197265625, 32.4951171875], [36.284277343750006, 32.457470703125], [36.3720703125, 32.3869140625], [36.47919921875001, 32.361328125], [36.818359375, 32.317285156249994], [37.088964843750006, 32.46552734375], [37.31757812500001, 32.590771484375], [37.57744140625002, 32.733056640624994], [37.75410156250001, 32.829833984375], [38.055761718750006, 32.994873046875], [38.25429687500002, 33.09921875], [38.515625, 33.236621093749996], [38.773535156250006, 33.372216796874994], [38.84501953125002, 33.15087890625], [38.91484375000002, 32.93466796875], [38.987402343750006, 32.710693359375], [39.05781250000001, 32.4931640625], [38.98164062500001, 32.472558593749994], [39.04140625000002, 32.3056640625], [39.14003906250002, 32.331201171874994], [39.24746093750002, 32.350976562499994], [39.29277343750002, 32.24384765625], [39.14541015625002, 32.12451171875], [38.9970703125, 32.007470703124994], [38.96230468750002, 31.994921875], [38.769628906250006, 31.946484375], [38.37548828125, 31.847460937499996], [38.111425781250006, 31.781152343749994], [37.77382812500002, 31.696337890624996], [37.49335937500001, 31.625878906249994], [37.215625, 31.556103515624997], [36.95859375, 31.491503906249996], [37.10527343750002, 31.355175781249997], [37.32949218750002, 31.146826171875], [37.47900390625, 31.007763671874997], [37.65546875000001, 30.828955078125], [37.81298828125, 30.669287109375], [37.980078125, 30.5], [37.862890625, 30.442626953125], [37.66972656250002, 30.34814453125], [37.64990234375, 30.330957031249994], [37.63359375000002, 30.31328125], [37.55361328125002, 30.144580078124996], [37.49072265625, 30.01171875], [37.46923828125, 29.995068359374997], [37.19941406250001, 29.9462890625], [36.92705078125002, 29.8970703125], [36.75527343750002, 29.866015625], [36.70390625000002, 29.831640625], [36.591796875, 29.66611328125], [36.47607421875, 29.4951171875], [36.2828125, 29.355371093749994], [36.068457031250006, 29.200537109375], [36.01542968750002, 29.190478515624996], [35.8603515625, 29.214257812499994], [35.5953125, 29.2548828125], [35.33916015625002, 29.294091796874994], [35.16376953125001, 29.320947265624994], [34.95078125, 29.353515625], [34.98222656250002, 29.48447265625], [34.97343750000002, 29.555029296875], [35.02392578125, 29.787060546874997], [35.05341796875001, 29.896923828124997], [35.06816406250002, 29.977880859375], [35.1416015625, 30.14169921875], [35.13261718750002, 30.1953125], [35.14814453125001, 30.384326171874996], [35.140625, 30.4208984375], [35.17402343750001, 30.52392578125], [35.23662109375002, 30.673486328124994], [35.2978515625, 30.80224609375], [35.32011718750002, 30.860205078125], [35.38300781250001, 30.982275390625], [35.43925781250002, 31.132421875], [35.40966796875, 31.214453125], [35.40068359375002, 31.230517578124996], [35.42353515625001, 31.324853515624994], [35.4228515625, 31.325390625], [35.45058593750002, 31.479296875], [35.465429687500006, 31.562353515625], [35.49941406250002, 31.67236328125], [35.55898437500002, 31.765527343749994], [35.53144531250001, 31.984912109374996], [35.534765625, 32.10302734375], [35.57207031250002, 32.237890625], [35.55146484375001, 32.3955078125], [35.56904296875001, 32.619873046875], [35.572851562500006, 32.640869140625], [35.59453125000002, 32.668017578124996], [35.61123046875002, 32.682080078125], [35.734472656250006, 32.72890625], [35.78730468750001, 32.734912109374996]]]}}, {"type": "Feature", "properties": {"iso_a2": "YE", "iso_a3": "YEM", "continent": "Asia", "region_un": "Asia", "subregion": "Western Asia", "region_wb": "Middle East & North Africa", "name_en": "Yemen", "name_fr": "Y\u00e9men", "Location ID": "244", "Sub Region M49 ID": "145", "Region M49 ID": "142", "Location Type": "country", "Gac Code": null, "Region Brian": "991", "Sub Region Brian": "996", "Region Name": "Asia", "Sub Region Name": "Western Asia", "Region Name Brian": "Middle East", "Sub Region Name Brian": "Middle East"}, "geometry": {"type": "MultiPolygon", "coordinates": [[[[53.08564453125001, 16.648388671874997], [52.58144531250002, 16.470361328124994], [52.44843750000001, 16.391259765624994], [52.327734375, 16.29355468749999], [52.2373046875, 16.17138671875], [52.17402343750001, 15.956835937500003], [52.22207031250002, 15.760595703124991], [52.21748046875001, 15.655517578125], [52.08730468750002, 15.5859375], [51.9658203125, 15.535693359375003], [51.83076171875001, 15.459277343750003], [51.748632812500006, 15.440136718749997], [51.68154296875002, 15.379101562499997], [51.60371093750001, 15.336816406249994], [51.32246093750001, 15.226269531249997], [51.01513671875, 15.140771484374994], [50.52705078125001, 15.038183593749991], [50.33857421875001, 14.927197265624997], [50.16689453125002, 14.851025390624997], [49.906347656250006, 14.828125], [49.54863281250002, 14.722412109375], [49.34990234375002, 14.637792968749991], [49.10292968750002, 14.500048828125003], [49.04804687500001, 14.456445312499994], [49.00468750000002, 14.355029296875003], [48.9287109375, 14.267480468749994], [48.77998046875001, 14.123876953124991], [48.66835937500002, 14.050146484374991], [48.59375, 14.046240234374991], [48.44902343750002, 14.005908203125003], [48.27783203125, 13.99765625], [47.98994140625001, 14.048095703125], [47.916015625, 14.012841796874994], [47.855078125, 13.956933593749994], [47.633398437500006, 13.858447265625003], [47.40771484375, 13.66162109375], [47.24257812500002, 13.609375], [46.975683593750006, 13.547460937499991], [46.78886718750002, 13.465576171875], [46.66347656250002, 13.432714843749991], [46.501953125, 13.415576171875003], [46.203125, 13.423828125], [45.91972656250002, 13.394287109375], [45.657324218750006, 13.338720703124991], [45.53398437500002, 13.233496093749991], [45.3935546875, 13.067041015624994], [45.16386718750002, 12.998291015625], [45.10976562500002, 12.938574218749991], [45.038671875, 12.815869140624997], [44.88984375000001, 12.7841796875], [44.75527343750002, 12.763769531249991], [44.617773437500006, 12.817236328124991], [44.358496093750006, 12.669140625], [44.260351562500006, 12.644628906249991], [44.11152343750001, 12.638671875], [44.005859375, 12.607666015625], [43.929785156250006, 12.616503906249989], [43.83535156250002, 12.674414062499991], [43.634375, 12.744482421874991], [43.48759765625002, 12.698828125], [43.47529296875001, 12.839013671874994], [43.23193359375, 13.26708984375], [43.28261718750002, 13.63984375], [43.28242187500001, 13.692529296874994], [43.23408203125001, 13.858935546875003], [43.08906250000001, 14.010986328125], [43.093359375, 14.203662109375003], [43.04482421875002, 14.341552734375], [43.00625, 14.483105468749997], [43.01875, 14.520800781250003], [43.02109375, 14.554882812499997], [42.94697265625001, 14.773144531249997], [42.92216796875002, 14.8173828125], [42.91298828125002, 14.863085937500003], [42.93730468750002, 14.898046875], [42.93642578125002, 14.938574218749991], [42.897070312500006, 15.005566406249997], [42.85566406250001, 15.132958984374994], [42.6578125, 15.2328125], [42.697851562500006, 15.326318359374994], [42.736425781250006, 15.293554687499991], [42.78847656250002, 15.265722656249991], [42.79902343750001, 15.326269531249991], [42.799902343750006, 15.371630859375003], [42.71718750000002, 15.654638671874991], [42.83964843750002, 16.03203125], [42.79931640625, 16.371777343749997], [42.986328125, 16.509082031250003], [43.03359375000002, 16.550390625], [43.06074218750001, 16.586621093749997], [43.10478515625002, 16.66416015624999], [43.1650390625, 16.689404296874997], [43.18632812500002, 16.77099609375], [43.18447265625002, 16.811816406250003], [43.145605468750006, 16.84677734374999], [43.11650390625002, 16.94199218749999], [43.12617187500001, 17.062451171874997], [43.13593750000001, 17.112988281249997], [43.15595703125001, 17.205029296874997], [43.22138671875001, 17.2392578125], [43.236914062500006, 17.26645507812499], [43.18632812500002, 17.32470703125], [43.19091796875, 17.359375], [43.30214843750002, 17.456787109375], [43.34609375000002, 17.486035156249997], [43.41796875, 17.516259765624994], [43.47421875, 17.515917968750003], [43.53925781250001, 17.498730468749997], [43.597265625, 17.471435546875], [43.653417968750006, 17.421875], [43.712988281250006, 17.365527343750003], [43.804296875, 17.344140625], [43.86640625000001, 17.349609375], [43.9169921875, 17.32470703125], [43.95966796875001, 17.338330078124997], [44.00820312500002, 17.367480468750003], [44.0859375, 17.365527343750003], [44.15595703125001, 17.39853515624999], [44.35468750000001, 17.414355468750003], [44.546484375, 17.404345703125003], [44.74677734375001, 17.431689453125003], [44.94648437500001, 17.429589843749994], [45.148046875, 17.427441406249997], [45.19277343750002, 17.423388671875003], [45.23662109375002, 17.406201171874997], [45.40654296875002, 17.319775390624997], [45.53535156250001, 17.302050781250003], [45.79443359375, 17.27841796874999], [46.07080078125, 17.253173828125], [46.31035156250002, 17.23129882812499], [46.51347656250002, 17.251660156249997], [46.68203125000002, 17.2685546875], [46.727636718750006, 17.265576171874997], [46.77851562500001, 17.212109375], [46.879980468750006, 17.079003906249994], [46.975683593750006, 16.95346679687499], [47.1435546875, 16.946679687499994], [47.25126953125002, 16.993945312500003], [47.36962890625, 17.06040039062499], [47.44179687500002, 17.111865234375003], [47.525390625, 17.316113281249997], [47.57958984375, 17.44833984374999], [47.703710937500006, 17.596826171874994], [47.80781250000001, 17.72109375], [47.94550781250001, 17.88583984374999], [48.02167968750001, 17.976953125], [48.17216796875002, 18.156933593749997], [48.31582031250002, 18.22705078125], [48.59296875000001, 18.36240234374999], [48.86484375, 18.49521484374999], [49.0419921875, 18.581787109375], [49.1923828125, 18.621337890625], [49.44511718750002, 18.655322265625003], [49.74208984375002, 18.6953125], [50.03896484375002, 18.735253906249994], [50.35527343750002, 18.777783203124997], [50.70820312500001, 18.82529296874999], [50.95, 18.857861328124997], [51.258398437500006, 18.899365234374997], [51.51494140625002, 18.933886718750003], [51.74296875000002, 18.964550781249997], [51.977636718750006, 18.996142578125003], [52.021875, 18.896289062500003], [52.06621093750002, 18.79638671875], [52.110449218750006, 18.696484375], [52.15468750000002, 18.596582031249994], [52.19902343750002, 18.49667968749999], [52.243261718750006, 18.39682617187499], [52.2875, 18.296923828125003], [52.33173828125001, 18.197070312500003], [52.376074218750006, 18.09716796875], [52.42031250000002, 17.997314453125], [52.46455078125001, 17.897412109374997], [52.508886718750006, 17.797509765624994], [52.553125, 17.69760742187499], [52.59736328125001, 17.59775390624999], [52.641699218750006, 17.497851562500003], [52.68593750000002, 17.39794921875], [52.72919921875001, 17.300390625], [52.80058593750002, 17.26791992187499], [52.84296875000001, 17.175683593749994], [52.90371093750002, 17.043847656249994], [52.96435546875, 16.912060546874997], [53.025, 16.780224609374997], [53.08564453125001, 16.648388671874997]]], [[[42.59023437500002, 15.303417968749997], [42.558691406250006, 15.281201171874997], [42.54902343750001, 15.320068359375], [42.56972656250002, 15.407324218749991], [42.60234375000002, 15.432519531249994], [42.62451171875, 15.36796875], [42.610449218750006, 15.332275390625], [42.59023437500002, 15.303417968749997]]], [[[42.755859375, 13.704296875], [42.68974609375002, 13.673632812500003], [42.734960937500006, 13.752978515625003], [42.78125, 13.769287109375], [42.79414062500001, 13.76611328125], [42.755859375, 13.704296875]]], [[[42.78740234375002, 13.971484375], [42.77421875000002, 13.950244140625003], [42.75605468750001, 13.954882812500003], [42.69404296875001, 14.007910156249991], [42.76210937500002, 14.067480468749991], [42.79833984375, 14.012255859375003], [42.78740234375002, 13.971484375]]], [[[53.76318359375, 12.636816406249991], [53.824804687500006, 12.624804687499989], [53.918554687500006, 12.659423828125], [54.18740234375002, 12.664013671874997], [54.51113281250002, 12.552783203124989], [54.45, 12.5234375], [54.41376953125001, 12.483300781249994], [54.27128906250002, 12.446630859374991], [54.129492187500006, 12.360644531249989], [53.718847656250006, 12.318994140624994], [53.59833984375001, 12.34228515625], [53.49941406250002, 12.425341796874989], [53.31582031250002, 12.533154296874997], [53.38847656250002, 12.601855468749989], [53.40390625, 12.633349609374989], [53.43095703125002, 12.66357421875], [53.53496093750002, 12.715771484374997], [53.63847656250002, 12.707373046874991], [53.76318359375, 12.636816406249991]]]]}}, {"type": "Feature", "properties": {"iso_a2": "BH", "iso_a3": "BHR", "continent": "Asia", "region_un": "Asia", "subregion": "Western Asia", "region_wb": "Middle East & North Africa", "name_en": "Bahrain", "name_fr": "Bahre\u00efn", "Location ID": "23", "Sub Region M49 ID": "145", "Region M49 ID": "142", "Location Type": "country", "Gac Code": null, "Region Brian": "1", "Sub Region Brian": "999", "Region Name": "Asia", "Sub Region Name": "Western Asia", "Region Name Brian": "Other", "Sub Region Name Brian": "Other"}, "geometry": {"type": "Polygon", "coordinates": [[[50.60722656250002, 25.883105468750003], [50.57490234375001, 25.806787109374994], [50.544042968750006, 25.83349609375], [50.465917968750006, 25.965527343749997], [50.48945312500001, 26.058447265625], [50.45244140625002, 26.190820312499994], [50.46992187500001, 26.228955078124997], [50.5640625, 26.246435546875], [50.5859375, 26.24072265625], [50.55781250000001, 26.198291015624996], [50.60976562500002, 26.124462890624997], [50.61748046875002, 26.00234375], [50.60722656250002, 25.883105468750003]]]}}, {"type": "Feature", "properties": {"iso_a2": "AF", "iso_a3": "AFG", "continent": "Asia", "region_un": "Asia", "subregion": "Southern Asia", "region_wb": "South Asia", "name_en": "Afghanistan", "name_fr": "Afghanistan", "Location ID": "3", "Sub Region M49 ID": "34", "Region M49 ID": "142", "Location Type": "country", "Gac Code": null, "Region Brian": "142", "Sub Region Brian": "991", "Region Name": "Asia", "Sub Region Name": "Southern Asia", "Region Name Brian": "Asia", "Sub Region Name Brian": "South Asia"}, "geometry": {"type": "Polygon", "coordinates": [[[66.52226562500002, 37.348486328125], [66.827734375, 37.3712890625], [67.06884765625, 37.334814453125], [67.19550781250001, 37.235205078125], [67.31972656250002, 37.2095703125], [67.44169921875002, 37.2580078125], [67.51728515625001, 37.266650390624996], [67.546484375, 37.235644531249996], [67.607421875, 37.222509765625], [67.7, 37.22724609375], [67.7529296875, 37.1998046875], [67.75898437500001, 37.172216796875], [67.76601562500002, 37.14013671875], [67.83447265625, 37.064208984375], [67.9580078125, 36.972021484375], [68.06777343750002, 36.9498046875], [68.21210937500001, 37.021533203124996], [68.26093750000001, 37.013085937499994], [68.284765625, 37.036328125], [68.29951171875001, 37.088427734374996], [68.38691406250001, 37.1375], [68.546484375, 37.183447265625], [68.63701171875002, 37.224462890625], [68.66914062500001, 37.2583984375], [68.7232421875, 37.268017578125], [68.78203125000002, 37.2580078125], [68.82373046875, 37.270703125], [68.8384765625, 37.30283203125], [68.85537109375002, 37.316845703125], [68.88525390625, 37.328076171875], [68.91181640625001, 37.333935546875], [68.96044921875, 37.325048828125], [69.05, 37.266503906249994], [69.18017578125, 37.15830078125], [69.26484375000001, 37.1083984375], [69.30390625000001, 37.116943359375], [69.35380859375002, 37.150048828124994], [69.41445312500002, 37.207763671875], [69.4296875, 37.290869140625], [69.39921875000002, 37.399316406249994], [69.42011718750001, 37.48671875], [69.49208984375002, 37.553076171875], [69.62578125000002, 37.594042968749996], [69.8208984375, 37.6095703125], [69.940625, 37.60029296875], [69.9849609375, 37.566162109375], [70.04472656250002, 37.547216796875], [70.11982421875001, 37.543505859374996], [70.18867187500001, 37.582470703125], [70.25146484375, 37.66416015625], [70.25498046875, 37.765380859375], [70.19941406250001, 37.886035156249996], [70.21464843750002, 37.9244140625], [70.23876953125, 37.941210937499996], [70.31328125000002, 37.984814453125], [70.41777343750002, 38.075439453125], [70.5185546875, 38.1919921875], [70.6158203125, 38.334423828125], [70.7359375, 38.42255859375], [70.87890625, 38.456396484375], [71.05214843750002, 38.417871093749994], [71.255859375, 38.306982421875], [71.33271484375001, 38.170263671875], [71.2828125, 38.00791015625], [71.27851562500001, 37.918408203125], [71.319921875, 37.90185546875], [71.3896484375, 37.906298828124996], [71.48779296875, 37.931884765625], [71.55195312500001, 37.933154296874996], [71.58222656250001, 37.910107421875], [71.58037109375002, 37.8642578125], [71.54619140625002, 37.795654296875], [71.50507812500001, 37.602929687499994], [71.47968750000001, 37.43603515625], [71.45478515625001, 37.271826171875], [71.43291015625002, 37.1275390625], [71.471875, 37.015087890625], [71.530859375, 36.845117187499994], [71.59746093750002, 36.73291015625], [71.665625, 36.696923828124994], [71.73378906250002, 36.684033203125], [71.80205078125002, 36.694287109375], [71.9419921875, 36.766455078125], [72.15351562500001, 36.900537109374994], [72.35878906250002, 36.98291015625], [72.65742187500001, 37.029052734375], [72.75703125000001, 37.172705078125], [72.8955078125, 37.267529296875], [73.21113281250001, 37.408496093749996], [73.38291015625, 37.462255859375], [73.48134765625002, 37.4716796875], [73.60468750000001, 37.446044921875], [73.63261718750002, 37.43720703125], [73.65712890625002, 37.43046875], [73.72060546875002, 37.41875], [73.73378906250002, 37.37578125], [73.71728515625, 37.329443359375], [73.64882812500002, 37.2912109375], [73.6275390625, 37.261572265625], [73.65351562500001, 37.23935546875], [73.749609375, 37.231787109375], [73.948828125, 37.283154296875], [74.077734375, 37.316210937499996], [74.16708984375, 37.329443359375], [74.20351562500002, 37.372460937499994], [74.25966796875002, 37.415429687499994], [74.34902343750002, 37.41875], [74.444921875, 37.39560546875], [74.52421875000002, 37.382373046874996], [74.659375, 37.394482421875], [74.73056640625, 37.35703125], [74.83046875000002, 37.2859375], [74.87539062500002, 37.241992187499996], [74.89130859375001, 37.231640625], [74.84023437500002, 37.225048828125], [74.76738281250002, 37.249169921874994], [74.73896484375001, 37.28564453125], [74.72666015625, 37.29072265625], [74.6689453125, 37.26669921875], [74.55898437500002, 37.236621093749996], [74.37216796875, 37.15771484375], [74.37617187500001, 37.137353515624994], [74.49794921875002, 37.0572265625], [74.52646484375, 37.030664062499994], [74.54140625000002, 37.02216796875], [74.43105468750002, 36.983691406249996], [74.19472656250002, 36.896875], [74.03886718750002, 36.825732421874996], [74.00185546875002, 36.823095703125], [73.9078125, 36.852929687499994], [73.769140625, 36.888476562499996], [73.73183593750002, 36.88779296875], [73.4111328125, 36.881689453125], [73.116796875, 36.868554687499994], [72.99375, 36.851611328124996], [72.7662109375, 36.835009765624996], [72.62285156250002, 36.82958984375], [72.53134765625, 36.802001953125], [72.43115234375, 36.7658203125], [72.32695312500002, 36.7423828125], [72.24980468750002, 36.734716796875], [72.15673828125, 36.70087890625], [72.09560546875002, 36.633740234375], [71.92070312500002, 36.5341796875], [71.822265625, 36.486083984375], [71.77265625000001, 36.4318359375], [71.71640625, 36.4265625], [71.62050781250002, 36.436474609375], [71.5458984375, 36.377685546875], [71.46328125000002, 36.293261718749996], [71.31259765625, 36.171191406249996], [71.23291015625, 36.12177734375], [71.18505859375, 36.04208984375], [71.22021484375, 36.00068359375], [71.34287109375, 35.938525390624996], [71.39755859375, 35.880175781249996], [71.42753906250002, 35.833740234375], [71.48359375000001, 35.714599609375], [71.51904296875, 35.597509765625], [71.57197265625001, 35.546826171875], [71.58740234375, 35.460839843749994], [71.6005859375, 35.40791015625], [71.57197265625001, 35.370410156249996], [71.5455078125, 35.328515625], [71.5455078125, 35.288867187499996], [71.57724609375, 35.247998046875], [71.60527343750002, 35.211767578125], [71.62050781250002, 35.183007812499994], [71.60166015625, 35.150683593749996], [71.5455078125, 35.101416015625], [71.51708984375, 35.051123046875], [71.455078125, 34.966943359374994], [71.35810546875001, 34.909619140625], [71.29414062500001, 34.867724609374996], [71.22578125000001, 34.779541015625], [71.11328125, 34.681591796875], [71.065625, 34.599609375], [71.01630859375001, 34.554638671875], [70.965625, 34.53037109375], [70.97890625000002, 34.486279296875], [71.02294921875, 34.43115234375], [71.095703125, 34.369433593749996], [71.0923828125, 34.273242187499996], [71.08906250000001, 34.204052734375], [71.09130859375, 34.120263671874994], [71.05156250000002, 34.049707031249994], [70.84843750000002, 33.981884765625], [70.65400390625001, 33.952294921874994], [70.41572265625001, 33.950439453125], [70.32568359375, 33.9611328125], [70.25361328125001, 33.975976562499994], [69.9947265625, 34.051806640624996], [69.8896484375, 34.007275390625], [69.86806640625002, 33.89765625], [70.056640625, 33.719873046874994], [70.13417968750002, 33.620751953124994], [70.2197265625, 33.4546875], [70.2841796875, 33.369042968749994], [70.26113281250002, 33.289013671875], [70.09023437500002, 33.198095703125], [69.92011718750001, 33.1125], [69.7037109375, 33.0947265625], [69.56777343750002, 33.06416015625], [69.5015625, 33.020068359374996], [69.453125, 32.8328125], [69.40458984375002, 32.7642578125], [69.40537109375, 32.68271484375], [69.35947265625, 32.59033203125], [69.28994140625002, 32.530566406249996], [69.24140625000001, 32.433544921875], [69.25654296875001, 32.249462890625], [69.279296875, 31.936816406249996], [69.18691406250002, 31.838085937499997], [69.08310546875, 31.738476562499997], [68.97343750000002, 31.667382812499994], [68.86894531250002, 31.634228515624997], [68.78232421875, 31.646435546874997], [68.71367187500002, 31.708056640624996], [68.67324218750002, 31.759716796874997], [68.59765625, 31.802978515625], [68.52070312500001, 31.794140625], [68.44326171875002, 31.7544921875], [68.31982421875, 31.76767578125], [68.21396484375, 31.807373046875], [68.16103515625002, 31.802978515625], [68.13017578125002, 31.76328125], [68.0171875, 31.677978515625], [67.73984375, 31.548193359375], [67.62675781250002, 31.538769531249997], [67.57822265625, 31.506494140624994], [67.59755859375002, 31.453320312499997], [67.6470703125, 31.409960937499996], [67.73349609375, 31.379248046875], [67.737890625, 31.343945312499997], [67.66152343750002, 31.31298828125], [67.59638671875001, 31.277685546875], [67.45283203125001, 31.234619140625], [67.28730468750001, 31.217822265624996], [67.11591796875001, 31.242919921875], [67.02773437500002, 31.300244140624997], [66.92431640625, 31.305615234374997], [66.82929687500001, 31.263671875], [66.73134765625002, 31.19453125], [66.62421875000001, 31.046044921874994], [66.59580078125, 31.019970703124997], [66.56679687500002, 30.99658203125], [66.49736328125002, 30.964550781249997], [66.39716796875001, 30.91220703125], [66.346875, 30.802783203124996], [66.28691406250002, 30.60791015625], [66.30097656250001, 30.502978515624996], [66.30546875000002, 30.321142578125], [66.2818359375, 30.19345703125], [66.23847656250001, 30.109619140625], [66.24716796875, 30.043505859374996], [66.31337890625002, 29.968554687499996], [66.28691406250002, 29.92001953125], [66.23125, 29.86572265625], [66.17705078125002, 29.835595703124994], [65.96162109375001, 29.77890625], [65.66621093750001, 29.701318359374994], [65.47099609375002, 29.6515625], [65.18046875000002, 29.57763671875], [65.09550781250002, 29.559472656249994], [64.9189453125, 29.552783203124996], [64.82734375000001, 29.564160156249997], [64.70351562500002, 29.567138671875], [64.52109375, 29.564501953124996], [64.39375, 29.544335937499994], [64.26611328125, 29.50693359375], [64.17216796875002, 29.460351562499994], [64.11796875000002, 29.414257812499997], [64.09873046875, 29.391943359375], [63.97099609375002, 29.430078125], [63.56757812500001, 29.497998046874997], [62.4765625, 29.408349609374994], [62.37343750000002, 29.425390625], [62.0009765625, 29.530419921874994], [61.521484375, 29.665673828124994], [61.22441406250002, 29.749414062499994], [60.843359375, 29.858691406249996], [61.104101562500006, 30.12841796875], [61.331640625, 30.363720703124997], [61.55947265625002, 30.599365234375], [61.7841796875, 30.831933593749994], [61.81083984375002, 30.91328125], [61.81425781250002, 31.072558593749996], [61.75507812500001, 31.285302734374994], [61.66015625, 31.382421875], [61.34648437500002, 31.421630859375], [61.11074218750002, 31.451123046874997], [60.854101562500006, 31.483251953125], [60.82070312500002, 31.495166015624996], [60.791601562500006, 31.660595703124997], [60.804296875, 31.73447265625], [60.7875, 31.877197265625], [60.78994140625002, 31.987109375], [60.827246093750006, 32.16796875], [60.82929687500001, 32.249414062499994], [60.71044921875, 32.6], [60.64453125, 32.794384765625], [60.57656250000002, 32.994873046875], [60.56191406250002, 33.0587890625], [60.560546875, 33.137841796874994], [60.71806640625002, 33.323535156249996], [60.76689453125002, 33.363818359374996], [60.85927734375002, 33.45625], [60.9169921875, 33.505224609375], [60.90693359375001, 33.538964843749994], [60.80644531250002, 33.55869140625], [60.65458984375002, 33.560400390625], [60.573828125, 33.588330078125], [60.510839843750006, 33.638916015625], [60.4859375, 33.7119140625], [60.52705078125001, 33.8419921875], [60.48574218750002, 34.094775390624996], [60.57021484375002, 34.219628906249994], [60.642675781250006, 34.307177734374996], [60.88945312500002, 34.31943359375], [60.80390625000001, 34.418017578124996], [60.76259765625002, 34.475244140624994], [60.73613281250002, 34.491796875], [60.72626953125001, 34.51826171875], [60.73945312500001, 34.544726562499996], [60.80234375, 34.554638671875], [60.8453125, 34.587695312499996], [60.91474609375001, 34.633984375], [60.951171875, 34.653857421874996], [60.95781250000002, 34.71005859375], [60.990820312500006, 34.749755859375], [61.04042968750002, 34.799365234374996], [61.080078125, 34.855615234374994], [61.07021484375002, 34.921728515625], [61.10664062500001, 35.001123046874994], [61.123144531250006, 35.050732421875], [61.14960937500001, 35.09375], [61.12646484375, 35.156542968749996], [61.10664062500001, 35.20947265625], [61.1, 35.272314453125], [61.1396484375, 35.288867187499996], [61.18925781250002, 35.31201171875], [61.19921875, 35.361621093749996], [61.225683593750006, 35.424462890624994], [61.24550781250002, 35.474072265625], [61.27851562500001, 35.51376953125], [61.281835937500006, 35.55341796875], [61.26201171875002, 35.619580078125], [61.3447265625, 35.6294921875], [61.37773437500002, 35.593115234375], [61.42177734375002, 35.545800781249994], [61.54277343750002, 35.457861328125], [61.62099609375002, 35.43232421875], [61.7197265625, 35.41943359375], [61.84101562500001, 35.431494140625], [61.938085937500006, 35.447900390624994], [61.98388671875, 35.443701171875], [62.08964843750002, 35.3796875], [62.21308593750001, 35.289941406249994], [62.25283203125002, 35.250244140625], [62.27119140625001, 35.189111328124994], [62.30781250000001, 35.170800781249994], [62.38662109375002, 35.23125], [62.462890625, 35.251367187499994], [62.53310546875002, 35.239892578124994], [62.61054687500001, 35.233154296875], [62.688085937500006, 35.255322265625], [62.72265625, 35.271337890625], [62.858007812500006, 35.349658203124996], [62.98027343750002, 35.4091796875], [63.056640625, 35.44580078125], [63.08417968750001, 35.56806640625], [63.11933593750001, 35.637548828125], [63.16972656250002, 35.678125], [63.15078125000002, 35.728271484375], [63.129980468750006, 35.766748046874994], [63.10859375000001, 35.818701171875], [63.129980468750006, 35.84619140625], [63.17890625000001, 35.858447265624996], [63.30166015625002, 35.8583984375], [63.51699218750002, 35.913134765624996], [63.69658203125002, 35.967822265624996], [63.8625, 36.012353515624994], [63.938085937500006, 36.0197265625], [64.00966796875002, 36.012109375], [64.04238281250002, 36.02509765625], [64.0513671875, 36.067626953125], [64.09218750000002, 36.112695312499994], [64.184375, 36.14892578125], [64.3580078125, 36.22607421875], [64.51103515625002, 36.340673828125], [64.56582031250002, 36.427587890625], [64.6025390625, 36.554541015625], [64.67431640625, 36.7501953125], [64.753125, 36.964794921875], [64.78242187500001, 37.05927734375], [64.81630859375002, 37.132080078125], [64.95156250000002, 37.1935546875], [65.08964843750002, 37.237939453124994], [65.30361328125002, 37.24677734375], [65.55498046875002, 37.251171875], [65.6080078125, 37.368408203125], [65.6412109375, 37.467822265624996], [65.68300781250002, 37.519140625], [65.74384765625001, 37.560839843749996], [65.76503906250002, 37.569140625], [65.90068359375002, 37.508105468749996], [66.1083984375, 37.41474609375], [66.35029296875001, 37.3681640625], [66.471875, 37.3447265625], [66.52226562500002, 37.348486328125]]]}}]}